NO,Sentence,ID,book_name
6,اونلاردان بعضي‌لرينين آدلاريني بوردا گتيرمك آرتيق مقصده اويغون گؤرونور:,f6,book1
20,اوخودوغوم؛ تاريخي، ادبي، فلسفي، ديني كتابلاردا، آتالار سؤزونون تمليني گوروب، يادداشت گؤتورمك قرارينا گلديم.,f6,book1
34,ائل آراسيندا تانينان بو سؤز اينجيلري،بير چوخ شاعر و يازيچينين الهام منبعي اولموشدور.,f6,book1
48,كاشكي علاجيم اولايدي اونلاري بير ـ بير آچيب، دئيهايديم.,f6,book1
62,ـ آكيشي من دئييرم دمدن ـ دمه، سن دئييرسن دامدان ـ داما.,f6,book1
76,آتالار سؤزونون ايزلريني اوستاد شهريارين ايستر فارس ديلينده يازديغي اثرلرينده اولسون ايسترسهده تورك ديلينده قلمه آلديغي شعرلرينده آختارماق چوندا چتين دئييلدير.,f6,book1
90,عصرلر بويو سؤزون مقاميني هر شئي دن اوجا توتان آتا ـ بابالاريميز.,f6,book1
104,سؤز وئرمک آسان دير، يئرينه يئتيرمک چتين دير سؤزو دئيه‌ن آزدير چئينه‌ين چوخ.,f6,book1
118,کور اوغلو داستانيندا، دا بو خصوصدا ماراقلي بير احولات واردير.,f6,book1
132,اونلار بو سؤز اينجي‌لريني، آغيزلاردان ائشيديب، سينه‌لرينده حک ائتديرديکدن سونرا بيزلره ده چاتدرميشلار.,f6,book1
146,سن اي بوينو بوروق دوه نه حيله قورموسان منه ؟,f6,book1
160,بيرحادثهدن درين ناراحات اولاندا و يا درد چوخ اتتگي بوراخاندا دئييرلر:,f6,book1
174,نه اوچون اونون چؤره ييني كسدين» بير آتالار سؤزونده بومسئله باشقاجور ايشلهنير.,f6,book1
188,ـ يوخ گؤرورم بو ايش سني ده‌لي ائده‌جك، هئچ اولماسا بير آللاه بنده‌سي تاپيليب، دئمير ال چك بو آتالار سؤزوندن.,f6,book1
202,آمما اوزون قولاق يئريندن ترپنميركي، ترپنمير اوشاقدا نه حيرصله‌نير و نه‌ده آشيب جوشور هئچ الينده اولان آغاجي دا ايشه سالمير، ديلينده فقط باشينا دؤنوم و جان كلمه‌سي اولور.,f6,book1
216,چونكو يانليزآخشام يئمه يه باشلاماق اولاردی.,f6,book1
230,معاصر ديليميزده بو ايفاده مجازی معنا آلماقلا تمامی ايله يئنی مضمون كسب ائتميشدير.,f6,book1
244,اوّلا ً آخيرا، بو تون زامانلاردا، دونيانين يارانماسیندان بو گونه كيمی دينی روايتلره گؤره آدام بيرينجی، خاتم ايسه سوْنو نجو پيغمبرين آديدير سوْنونجو پيغمبر دئديكده محمد نظرده توتولور.,f6,book1
258,يعنی نه قده‌ر ذليل، زاواليديركی، آدی هئچ ايت دفتريندده يوخدور.,f6,book1
272,عادتاً خالق ايفاده‌لرينده محكم بير منطق، سؤزلر آراسيندا داخيلی معنا رابطه‌سی اوْلوركی، بو جهت تركيبده مشاهده ائديلير.,f6,book1
286,سوْنرا لار بو عادت آرادان چيخميش گئت- گئده زارافاتا چئويلميشديركی، بونولادا سؤزو يارانميشدير.,f6,book1
300,گويا عيسی پيغمبر آنا‌سينين قارانيندا ايكن توراتی و انجيلی اويره‌نميشدی.,f6,book1
314,آنا وطن، آنا ديل، آنا سودو و سايره.,f6,book1
328,آدلانديغينين فرقينه وارماز، اوْنون اوغروندا لازم گلرسه، اؤلومه گئتمه‌يين ضرورتينی‌ده درك ائده بيلمزلر.,f6,book1
342,ايفاده‌سی بو عادتله علاقه‌دار دير.,f6,book1
356,اؤلو اوچون اؤلو آشی بيشيره رو اوْنو اؤلونون اوْلدوغو يئره آپاريب قوْيارديلار كی، اؤلو آج قا لما سين.,f6,book1
370,قوْرخدوم آی آمان ياريلدی باغريم.,f6,book1
384,رحيم اوْفون روْمانيندا سلطان دئيير:,f6,book1
398,ضعيف، اؤلومو ياخينلاشان خسته‌لرده محض گئجه‌نين بو عالمينده كئچينيرلر.,f6,book1
412,ساواشا، مدافعيه هميشه حاضر اوْلماق، احتياطی، دقتلی وآييق-ساييق اوْلماق دئمكدير.,f6,book1
426,بو ايفاده شخصلره و زامانلارا گؤره مختلف فوْرمالاردا ايشله‌نير.,f6,book1
440,قاينانا سی پری خانيم وزرين باشينین اؤلچو سونو گؤتورمك لازم اوْلدوغونو سؤيله يير بو ايش فوقرايا پايلاماق مقصدی ايله سمنی قويماغا لازم اوْلان بو غدانين مقدارينی معين لشديرمك اوچون گؤرولورموش باديانی وزيرين باشينا كئچيرير لر و بوندان استفاده ائده رك تئيمور آغا آرادان چيخير.,f6,book1
454,، ايفاده‌لريده عينی معنادا ايشله‌نير.,f6,book1
468,بو ايفاده‌نی ايشله‌دن آدام اؤزونو همين گؤيرچين خسته‌نين قاداسينی آلاندان سوْنرا كسيلير، يعنی خسته‌نين قربانی اوْلور.,f6,book1
482,او تانیشلارینین تزه پالتارلارینی، باشماقلارینی گئیینیب، توی ائوینه یولاناندا کوچه- باجادا هامی اونو گؤره‌ن کیمی اییلیب ایکی قات سلام وئرییر.,f6,book1
496,بئلیکه دلـله‌ک قطعی اؤلومدن قورتاریب، باشقا اؤلکه‌یه یولا دوشور.,f6,book1
510,ایندی سیزه کیمدن سوراق وئره‌ک اسکندرین وزیریندن.,f6,book1
524,آمما من بو قمیشی فلان قویودان تاپیب، چالاندا گؤردوم بو سس چیخیر.,f6,book1
538,- آی قارداش اوندا گل سنینله شرط باغلایاق.,f6,book1
552,آمما منیم ائویمه بیرده اوغورولوغا گلمه.,f6,book1
566,دؤزومسوزلویه یول وئره‌ن اوغلان، اوچونجو دفعه تورپاغی شوملاییر و توخومونو سپیر.,f6,book1
580,اوغول یادداساخلا کی، اولولاریمیز همیشه چؤره‌یی، تورپاغی، مقدس سانمیش اونا آند ایچمیشلر.,f6,book1
594,* علی نین صبیرسیز او۫غلو سنین بئلینده‌ن وورسون.,f6,book1
608,او تنبل‌لیکیندن اوزونه سو وورماز، آیلارلا حاماما گئتمه‌یب، ایل گونو سراسر ائوده اوتوروب یاتارمیش.,f6,book1
622,آز گئتدی، يوزگئتدی، دره- تپه دوز گئتدی.,f6,book1
636,سن دئمه بورا یئدی قارداش دیولرین باغی ایمیش.,f6,book1
650,گل گئده‌ک قوشول بیزه اولاق سککیز قارداش دیولر.,f6,book1
664,بو آج گؤز پهلوانی هاردان تاپمیسان.,f6,book1
678,سن دئمه احمد ده ائله بونو ایسته‌ییرمیش.,f6,book1
692,بو مئشه‌لیگین یام- یاشیلیغی کؤز ایشله دیكجه گؤرونوردو.,f6,book1
706,ایتیک چتین اولار بو مثلین کؤکو و منشایی باره ده کیچیک احوالات واردیر.,f6,book1
720,بیر نئچه ساعات چالیب اوخویاندان سونرا، مجلیسده‌کیلره مراجعت ائدیپ، اونلارا دئییر:,f6,book1
734,بیز بیلیریک اؤله‌جه‌ییک، آنجاق بیلمیریک نه واخت اؤله‌جه‌ییک.,f6,book1
748,اوشاق جاواب وئریب دئییرکی، بلی ائوده‌دیر، آمما منه دئدی:,f6,book1
762,روایته گؤره، حضرت موسی گونلرین بیرینده صفالی بیر بولاغین قیراغیندا اوتوروب، آللاهین عظمت و اقتدارین دوشونوردو، عین حالدا بیر آتلی گلیب، بولاغین سویوندان ایچدی، بیر آز دینجلدیکدن سونرا دوروب گئتدی.,f6,book1
776,اوجاق ایدی پیر ایدی، بیزه گلنده کرامتین ایتیردی کئچمیشلردن قالما بیر سؤز وار دئییر:,f6,book1
790,آندایچه بیلیرسن کی، احمد بو ایشی گؤروب، کیشی دئییر:,f6,book1
804,اوغرو ائله باغیردی، دوغرونون باغیری یاریلدی.,f6,book1
818,حالبوکی، بو ایفاده آتالار سؤزوندن آرتیق بیر دئییم کیمی اؤزونو گؤستریر.,f6,book1
832,نهایت یولدان کئچن کیشی اینجیمیش حالدا، سوروشور:,f6,book1
846,سن آللاه منیمده عوضیمدن هارای سال دئ کی:,f6,book1
860,بیر دئ گؤروم منیم قاتیغیم نئجه اولدو.,f6,book1
874,هامی باشلاییر گولمه‌یه، بارا قویان دئییر:,f6,book1
888,بو قونشو او قونشویا قاییدیب، دئییرکی:,f6,book1
902,اونا گؤره‌کی، شاها یازیلان قصیده‌نین سون بیتی بئله ایمیش:,f6,book1
916,بو سؤز شاعیره توخوندو، اؤز- اؤزونه دوشونوب دئدی .,f6,book1
930,حسن کیشی بیردن- بیره فیکیرله‌شیرکی:,f6,book1
944,چونکی دیل سؤزون اصل منبعی، اصل قایناغی دیر.,f6,book1
958,دیل یاراسی مثلی‌نین منشایی باره ده یازیلان بو اثرده ایره‌لی سوردویوموز ادعانی گؤره بیلرسیز.,f6,book1
972,ایش او یئره چکدی کی، بگ بیر نئچه گؤنلوک سفره گئده‌سی اولدو.,f6,book1
986,من اوننان عائله قوران زامان عهد باغلاییب، آند ایچمیشدیم کی، او نه جور ایشله‌سه من ده ائله ایشله‌یم.,f6,book1
1000,سنکی بو وحشی‌لیکده حئیوانی رام ائله‌میسن.,f6,book1
1014,آنجاق بیر سؤز دئمه‌دن اؤزونو معلم لیک مقامینا چاتدیرییر.,f6,book1
1028,گؤرونو آتا نصیحتی قيليجدان كسرلي اولار.,f6,book1
1042,نظری اؤلدورمک اوچون قیلینجی گؤیده گزدیره‌ن قارانین اللری تیتره‌ییر.,f6,book1
1056,وزيرلر گليب، بوسؤزو حسين باي قارا يا چاتديرديلار.,f6,book1
1070,بيري حوصله‌سيز حالدا كؤينگي تيكيب، قورتاردي آمما زرنگ خانيم بير نئچه گون اونون اوستونده زحمت چكيب، ياراشيقلي بير كؤينك تيكدي.,f6,book1
1084,زرنگ قادين جاواب وئردي كي، او آغ كؤينكلي كي، پئنجه‌يي و آياق قابيلاري فلان فورمادا ايدي.,f6,book1
1098,آداملاري ايسه ميلچك‌لر كيمي دير، پيالانين اطرافينا جمع‌لشيلر.,f6,book1
1112,هرگون پلوو اوچون ايش گؤروره‌م و پول چيخارديرام.,f6,book1
1126,بو فرمان همين باشماقچي‌نين‌دا قولاغينا چاتدي و اؤز – اؤزونه دئدي:,f6,book1
1140,باشماقچي‌دا، باشين آتيب ياتدي، سحر تئزدن قاپي دؤيولدو، باشماقچي باخيب گؤردو حكمدارين مأمورلاريدي، دئييرلر:,f6,book1
1154,حكمدار، قيلينجيني اونا وئردي، سحر آخشاما كيمي كئشيك چكدي.,f6,book1
1168,اودا امر ائله‌دي‌كي گئت قاپي‌نين يانيندا دايان اوغرو گلن زامان اونو وور اؤلدور.,f6,book1
1182,باشماقچي‌دا اؤز ايشينه باشلادي، آخشاملار پلووني بيشيريب، اوخويوب اوينادي.,f6,book1
1196,قورباغا اوغلاندان چوخلو تشكر ائده‌رك دئدي:,f6,book1
1210,كندلي‌لر اونون يانينا ائلچي گؤندرمك قرارينا گلديلر.,f6,book1
1224,بؤيوك خان، من سيزين بويوردوغونوزا عمل ائتديم.,f6,book1
1238,بیر آهاي قوللوقچولار، تئز اولون اونو توتون، سحره كيمي او منيم دئديگيم‌لري ائله‌مه‌سه، باشين بدنيندن آييرين.,f6,book1
1252,سحر گليب، عاشيقا خانين آداملاري خبر وئردي‌كي، خانين بوتون ايستكلري تمامي‌ايله يئرينه يئتيشيب.,f6,book1
1266,داش اوره‌ك‌لي خان، اونلاري اؤلدوروب و باشقا بير دسته، اوغلانين آردينجا گؤندردي.,f6,book1
1280,اونلارين دونيا ماليندان هئچ زادلاري يوخ ايميش.,f6,book1
1294,نهايت اورگي چيرپينا ـ چيرپينا آهسته‌جه قاپيني دؤيور.,f6,book1
1308,آز كئچمه‌دن بير نئچه قيرغي گليب، دريني قانادلاري آلتيندا داغين قلّه‌ زيروه‌سينه آپاريب، يئره قوياندان سورا ديمديكله‌مه‌يه باشلاييرلار.,f6,book1
1322,قيرغي اوچوب گئدير، احمد شهره قاييدير.,f6,book1
1336,بير آز كئچيب، كئچمه‌ميش بير نئچه قيرغي گليب، دريني چكيب داغين كلّه‌سينه آپارير، سونرا دريني ديمديكله‌مه‌يه باشلاييرلار.,f6,book1
1350,بئله‌ليكله ارباب اؤز عملينه راستلاشير.,f6,book1
1364,بو فورصتي گؤزلهين تولكي، بير گوز قيرپييندا، خوروزو توتور سالير توربايا و آتير دالينا قاچير.,f6,book1
1378,‌ انساني يارادان و بوتون چتين‌ليكلري اورتادا قالديران يالنيز يگانه آللاهدير.,f6,book1
1392,سونرا اللريني گؤيه قالديريب، مغرور اولماغينا گؤره آللاهدان عفو طلب ائتدي.,f6,book1
1406,آزدان اؤزونه گليب، قوجانين، اوز – گؤزونو اؤپه‌رك دئدي:,f6,book1
1420,مهمان و مسلمان سؤزلري قاريني انصافا گتيرير، شاه اسماعيل كومايا گيرير.,f6,book1
1434,اونو مغلوب ائلهدي سونرادا گنجهيه يؤنلدي، گئديب قاريني سوراقلادي دئديلر قاري اؤلوب، زياد آديندا بير اوغلو قاليب، شاه اونو عاغيللي كماللي گؤروب اونو گنجهده بير ايش باشينا قويدو و يا خود گنجه حاكيمي ائلهدي.,f6,book1
1448,بير نئچه ايل اوخودوقدان سونرا قاييديب ائولرينه گلير.,f6,book1
1462,احمد گؤتور قوي ائله‌يير كي ائله آز پوللا گئدينجه قاليم علاوه ايكي مين تومني ده آليم.,f6,book1
1476,بورادا نه وار كه، من ايكي مين تومن وئرديم.,f6,book1
1490,دوننكي درويش مئشه ده مني سويدو پولومو پالتاريمي اليمدن آلدي.,f6,book1
1504,باشا دوشدوكي كيشي اونون زحمت حاققيني دا وئريبميش.,f6,book1
1518,آكيشي اوغلوموز بويا ـ باشا چاتيب، يئكه اوغلان اولوب، گل اونو ائولنديره‌ك كيشي دئدي:,f6,book1
1532,كيشي ائله همين گونو اوغلونو آپاريب، بير دميرچي‌نين يانيندا شاگرد قويدو.,f6,book1
1546,شاهين اوغلو فياض‌لا دوست‌لاشميشدي.,f6,book1
1560,بالا، سنه شيرين شئي آل دئيه‌نده ده ديل آليب گتيردين.,f6,book1
1574,شاهيم سنين قاباغيندا منيم دانيشماغا حقيم يوخدور.,f6,book1
1588,اوغول گئجه‌نين بو واختي تك گئتمك اولماز.,f6,book1
1602,خئيره ده باخ- شرّه ده.,f6,book1
1616,اوطرف – بو طرفه باخاندا گؤزونه بير كوما ديدي.,f6,book1
1630,او دقيقه قيز اولاجاق ساپ ساغلام، آنادان گلمه.,f6,book1
1644,شير گئجه آتلاردان بيريني توتوب صحرايا قاچدي.,f6,book1
1658,اونلار تارينين بو تقديرينه باش اييب، هره‌سي بير پئشه دالينجا گئتدي.,f6,book1
1672,كيشي نه‌قده‌ر اصرار ائتديسه محمد قبول ائتمه‌دي و اؤز يولونو توتوب گئتدي.,f6,book1
1686,مني بوراخسان من سني بو فلاكتدن قورتاررام.,f6,book1
1700,ائله يئمك‌لركي، اونلار عؤمورلرينده بئله گؤرمه‌ميشديلر.,f6,book1
1714,هر يئرده‌كي، آدام وار، اوردا ميلچكده اولار.,f6,book1
1728,وزير داها بير سؤز دئمه‌يير، بو آدامي گؤتوروب، يولا دوشور.,f6,book1
1742,بونا باعث فلانكسين قيزي اولوب، او قيز گونده ايكي دفعه گليب اوردان كئچدي.,f6,book1
1756,وزيرين بو سؤزو بو اؤلكه‌نين باشچيسيني بتر توتور.,f6,book1
1770,سيمرغ اوز اوشاغي کيمي قيزي بسله‌ييب اونايئمک ايشمک گتيريردي، آنجاق اونو يئره انديرميردي.,f6,book1
1784,دوققوز آي دوققوز گون دوققوز ساعات سووشدو اونلارين بير قيزلاري اولدو بير اوغلانلاري.,f6,book1
1798,بو مثل باره ده بئله شعرده يازيلميشدير:,f6,book1
1812,مالك ـ ين گؤزو و بير چوخ آداملار ايچينده متين و گؤزل.,f6,book1
1826,بو مثل آذربايجان شفاهي ادبياتينا داخل اولسادا اهالينين آراسيندا دئييلن قيزيم سنه دئييرهم گلينيم سن آنلا ‌ دوشونه‌رك، اوغلوندان يئنه سوروشور:,f6,book1
1840,چوخ قديم بيتگيلردن ساييلان وائروزيايا قارشي خئييرلي اولان صدر آغاجي 5 :,f6,book1
1854,بابايئوين كيتابيني اوخوياندان بير كيشينين ديليندن دئييلير!,f6,book1
1868,باغبان آغلايا – آغلايا گليب، ماجراني پادشاها دانيشدي.,f6,book1
1882,آمما بوتون دردلرين داواسي بو يولدادير.,f6,book1
1896,اورماندان توتدوغو حئيوانلارين اؤلوسونو بير – بير اوتاغينا ييغدي.,f6,book1
1910,صياد قيلينجي ائنديريب، دئوين بئينيني داغيتدي.,f6,book1
1924,آغ دئو يئمه‌يي قورتاراندان سونرا صيادا دئدي:,f6,book1
1938,سونا بولبولو اله كئچيرمك آسان ايش دئييل.,f6,book1
1952,آمما بوتون چتين‌ليك‌لره اوستون گليب، آدايا چاتديلار.,f6,book1
1966,سحر تئزدن صياد يئددي قويون آليب، اونون اتيني پيشيدديردي و بوتون غريبه‌لري شاما دعوت ائتدي.,f6,book1
1980,بؤيوك قارداش، بولبولون قفسينه ياخينلاشيب دئدي:,f6,book1
1994,قوجا بير گون شهرده دولانيردي، گؤردو، شاهين آداملاري اللرينده بير بونون تاييني توخويان آداما چوخلو پول وئره‌جك‌لريني سؤيله‌ييرلر.,f6,book1
2008,سن ايشي قبول ائت، قالاني منيم عهده‌مه.,f6,book1
2022,بولبولو گتيره‌ن آدام وارسا، اودا منم.,f6,book1
2036,يوخ سن كيم اولاسان، نئجه چانتوسو گئري قايتاردين ؟,f6,book1
2050,چؤلون سرين و تميز هاواسي، حكمدارا بتر يابيشير و گئجه‌نين ياريسينا كيمي چؤلده قالماق قرارينا گلير.,f6,book1
2064,تخت – تاجدا يئرلشدي و سونرا امر ائتدي‌كي، دونن گئجه توتولان آداملاري، اونون يانينا گتيرسينلر اونلار ايچري داخل اولان زامان، آدام تانييان قورخا – قورخا دئدي:,f6,book1
2078,اوغلان آتاسي‌نين سؤزونه محل قويمادي و همين لحظه ائوي ترك ائتمك قرارينا گلدي.,f6,book1
2092,همن اونو يولداشلاري‌ايله بؤلوشدورمك ايسته‌دي.,f6,book1
2106,آيي‌ايله جاناوار شاهين يئرين سورمه‌يه باشلار.,f6,book1
2120,بيزيم اليميزدن هر نه گلسه، دئيين اونو يئرينه يئتيره‌ك.,f6,book1
2134,سيزين قيزينيزي گتيرمك منيم عهده‌مه.,f6,book1
2148,قاري قيزا قوللوق ائله‌مه‌يه باشلاييب قيزين محبتيني تمامي‌ايله قازاندي.,f6,book1
2162,نه ياخشي پيشيكسن نه ساياق بورا گليب چاتدين ؟,f6,book1
2176,يوروش ائله‌ين‌لره قارشي ووروشون.,f6,book1
2190,بير هفته‌دن سونرا، شاه كوره‌كنينه قارشي بسله‌ديگي نفرتي بروزه وئرمه‌يه باشلادي.,f6,book1
2204,- تولكو، آتا – آناسيني گؤردو، من نييه اؤز آتا – آنامي گؤرمه‌ييم – دئيه امر ائتدي اونون اوچون ايكي آرابا حاضيرلاسينلار و ايچينه‌ده، قورو چؤر – چوب دولدورسونلار و سونرا آرابالاري اودلاسينلار.,f6,book1
2218,اوغلوم كيمه اوّلي‌دير، كيمه آخيري ؟,f6,book1
2232,ائل یارادیجیلیغی‌نین بو خیالی حرکت نؤعنون پرده‌سی آلتیندا آذربایجان امکچی ائلینین تاریخی کئچمیشی، اجتماعی علاقه‌‌‌لری، امل و آرزولاری ایله اعتیقادلاری، اینانیشلاری جانلانان کیمیدیر.,f6,book2
2246,آیین، سِحر ماهنیلاری، تاپماجالار، اووسونلار، امک نغمه‌لری ابتیدائی طایفالاردا مؤوجود اولماقلا برابر، قدیم انسانین دونیانی دویوشو و آنلاییشی اساسیندا مئیدانا گلمیشدیر.,f6,book2
2260,– باخ، – دئییر، – بورادا سنن باشقاسی یوخدور.,f6,book2
2274,بورادا آرتیق اجتماعی و اقتصادی علاقه‌‌‌لر گؤرونمسه ده، سیرّین آشکارا چیخماسی کیمی نصیحت وئریجی بیر مقصد واردیر کی، اؤز سیرّینی کیمسه‌یه آشما!,f6,book2
2288,حتی کندلرده دوغان آروادین باییلدیغی زامان قاچیرماق اوچون ائوده توفنگ آتیرمیشلار و س.,f6,book2
2302,مثلا، ناغیلین ایچینده بیر طرفدن شهرده انکیشاف ائتمیش تیجارت علاقه‌‌‌لری ایله یانیانا، کند یوخسوللاری‌نین – رنجبرلرین مولکدار، پادشاه، وزیر و س.,f6,book2
2316,اجتماعی ضدیتلر اؤز-اؤزوندن گؤزه چارپیر و ناغیلین انکشاف مِحوری استثمارچی ایله آپاریلان مباریز‌دن عبارت اولور.,f6,book2
2330,لاکین بو دیولرین عفریته آنالاری اوغلانلاریندان داها دهشتلی اولور.,f6,book2
2344,سککیزینجی عصرلرده آذربایجان و حتی یاخین شرق تاریخینده درویش حرکاتی‌نین اهميّتی آیدیندیر.,f6,book2
2358,شاه اوصول-ایدار‌سی طرفیندن دفعه‌‌لرله سویولان کندلی ناغیللار واسطه‌‌‌سیله اؤزونون عصرلر بویو چکدیگی اذيّتلر تاریخینی عکس ائتدیرمیشدیر.,f6,book2
2372,بو تیپ قیزیلی الده ائتمک اوچون جینایتلر تؤر‌دیر.,f6,book2
2386,بو جور قادینلار اؤزلریندن جسور، جلد، قوووتلی و عاغیللی بیر کیشی تاپمادیقجا اره گئتمه‌ییرلر.,f6,book2
2400,گونلرین بیر گونونده علیمردان کیشی گئجه آروادنان سؤزو بیر یئره قویدولار کی، تا بوندان سونرا شهرده روزوسونو قازانسین.,f6,book2
2414,دره‌نین ائنسیز بیر یئریندن آچیق بیر یئرینه چیخمیشدی کی، گؤردو دالدان چاغیریرلار:,f6,book2
2428,یوخوسونو دانیشاجاق کی، من بو گئجه یوخودا گؤردوم کی، گؤیدن جاناوار یاغیر.,f6,book2
2442,سن یوخودا گؤرموسن کی، گؤیدن قیلینج یاغیر.,f6,book2
2456,یا ایلان منی اؤلدوره‌جک، یا پادشاه.,f6,book2
2470,گلسنه، بو قیزیللارین هامیسینی کیسه‌لریله آپاریم قویوم ایلانین یوواسی‌نین آغزینا.,f6,book2
2484,گؤی مینجیخ بیری وار ایدی، بیری یوخ ایدی.,f6,book2
2498,بالاجا قارداش قیزی گؤتوروب چیخدی بیر مئشه‌نین کنارینا، ایسته‌دی قیزی اؤلدورسون، قیز آغلاییب دئدی:,f6,book2
2512,دیو چوخ شاد اولوب های وئردی کی:,f6,book2
2526,قاباغینا آغاج گلسه یئریندن قوپاریب گئدیردی.,f6,book2
2540,– بالا، بو همان کیچیک داییندی کی، منی اؤلدورمه‌دی، بوراخدی.,f6,book2
2554,اوغلان دا اوز قویدو گون‌چیخان طرفه گئتمه‌یه.,f6,book2
2568,آنجاق منیم بیر نئچه شرطیم وار، گرک قبول ائلییه‌سن.,f6,book2
2582,گؤی مینجیخ جواب وئردی کی، من نییه دلی اولورام، سن اؤزون شرط قویموشدون، من ده ائله‌دیم.,f6,book2
2596,– اده، باری اوشاغین مئیتین گتیر آپاراخ باسدیراخ.,f6,book2
2610,– آ کیشی، نه آپاراخ، نه گؤتورک ؟,f6,book2
2624,نه ایسه خؤرگی-زادی یئدیلر، آخشام آرایا گلن کیمی کیشی نئجه دئمیشدی آرواد دا هئله‌جه یئرلری سالدی.,f6,book2
2638,بونو لوت سویوندوروب، قازانی قاینایا-قاینایا تؤکدو بونون باشینا، دیری‌گؤزلو بیشیریب اؤلدوردو.,f6,book2
2652,سیزه کیمدن خبر وئریم، فاطی قاریدان.,f6,book2
2666,– کئچل کؤپک اوغلو، سنه کیم پول وئره‌جک ؟,f6,book2
2680,– عیبی یوخدو، چکمه میزی-زادیمیزی سیلر.,f6,book2
2694,سن آغزینی هارا یئتیرمیسن کی، منیم مکانیمدا میخ چالیرسان ؟,f6,book2
2708,لوطولار دوروب گئتمکده اولسون، بیر نئچه کلمه محمّددن ائشیدین.,f6,book2
2722,– اشی، مندن ال چک، کیشمیش وئرمیرسن، جوراب دا اولسون سنین، ووررام سنی اؤلدوررم، قانینی منیم اوستومه تؤکمه.,f6,book2
2736,محمّد احوالاتی ناغیل ائله ییب دئدی:,f6,book2
2750,محمّد لوطولاری گؤرن کیمی اوزون توتوب پادشاها دئدی:,f6,book2
2764,– گل سنی آتاخ بو نهنگین آغزینا، قانناما دا ییغاق، کیمه دئییرسن، وئرک اونا.,f6,book2
2778,آز گئتدی، اوز گئتدی، دره تپه دوز گئتدی، تا کی گلیب چیخدی بیر شهره.,f6,book2
2792,ال آتدی کی، محمّدی گؤتوروب یئره وورسون، محمّد یاپیشدی اونون بیله‌ییندن، اؤزونه طرف چئکیب یاپیشدی اورتاسیندان.,f6,book2
2806,او ساعت باشین سوخدو سو گلن دئشییه.,f6,book2
2820,بیر ده گؤردو اوچ گؤیرچین گلیب قوندو سوفرنین قیراغینا، دونلارین چیخاردیب اوچ قیز اولدولار کی، واللاه یئمه، ایشمه بونلارین خطی-خالینا، گول جامالینا تاماشا ائله.,f6,book2
2834,بیر گون قارا یولا قارا ساعتا همین محمّد گلدی چیخدی اورجاهیما، او گئن دریانی باشیما دار ائله‌دی.,f6,book2
2848,محمّد راضی اولدو، او ساعت پریلر قاضیسین گتیردیلر، کیچیک قیزین کبینین کسدی محمّده.,f6,book2
2862,بیر گون خانیم محمّددن سوروشدو کی، بو یئرینیزین سرحدین منه گؤستره بیلرسنمی ؟,f6,book2
2876,محمّد بونو ائشیدن کیمی مسئله‌‌ یادینا دوشدو.,f6,book2
2890,خانا باخچاسی، فوواراسی، قوللوخچوسو، قاراواشی، هر شئیی ایچینده.,f6,book2
2904,گرک محمّده ائله بیر قوللوخ بویوراسان کی، یئرینه یئتیره بیلمییه، بوینون ووردوراسان.,f6,book2
2918,محمّد احوالاتی من سیزه دئین کیمی قیزا ناغیل ائله‌دی.,f6,book2
2932,داشی قووزادی، پیلکانی چیخدی، پیلکاندان ائنیب اؤزون قارییا یئتیردی.,f6,book2
2946,محمّد سویو حاضیر ائله‌دی.,f6,book2
2960,پادشاه بو تدبیری بینیب، سحر محمّدی چاغیرتدیردی:,f6,book2
2974,– آل بو اوزویو، آپار دریادا سودا چالخالا.,f6,book2
2988,محمّد گلیب پادشاها خبر وئردی کی، ائو حاضیردی.,f6,book2
3002,– سنه دئمه‌میشدیم، دالا باخما، ایندی بیر دریا طرفه باخ گؤر نه اولوب ؟,f6,book2
3016,بونون قونشوسوندا دا بیر ناخیرچی وارایدی.,f6,book2
3030,بیر مولّا تعیین ائتمیشدیلر، گلیب بیر ائوده بونللارین ایکیسینه ده درس وئریردی.,f6,book2
3044,بیر آت دا حاضیرلاسین اووا چیخاق.,f6,book2
3058,گلدی ملیک ممدین باشی‌نین اوستدن توللانیب گئتدی.,f6,book2
3072,آمما ملیک احمد بیر ائله پهلیوانیدی کی، رستمه عوض.,f6,book2
3086,قیز دا ملیک ممدی گؤرن کیمی مین کؤنولدن عاشیق اولدو.,f6,book2
3100,آخی، قیز دا بونللاری اؤرگتمیشدی اوغلان قازانین قیلپیندان یاپیشدی.,f6,book2
3114,– ملیک ممد، گل آچدیرما، آچسام، دای منی گؤرمویه‌جکسن.,f6,book2
3128,بو بیر ملعوندو کی، اویانسا سنی اؤلدوره‌جک.,f6,book2
3142,اگر سنی قویودا قویسالار، آل بو دودویو چال.,f6,book2
3156,– گئدرسن همن دئوین تشتین، مجمئییسین گتیررسن.,f6,book2
3170,بو دئولر اِحتیاط گؤردولر کی، یولا دوشسونلر، گئتسینلر اؤز ویلایتلرینه.,f6,book2
3184,ملیک احمد تئز گئدیب گؤردو، آتاسی ایلان اولوب کی، ملیک ممدی وورسون.,f6,book2
3198,بو باریحملین واخت اولدو کی، یئره قویدو.,f6,book2
3212,خان اوغلان بؤیویوب تا اینکی اون سککیز یاشینا یئتیشدی.,f6,book2
3226,قنی شاه ائلچی داشی‌نین اوستونده شفته‌نی گؤردوکده، حوضورونا گتیردیب نه ایسته‌دیگینی سوروشدو.,f6,book2
3240,او جوربه‌جور صیفتلره گیرمگه ماهیر بیر جادوگر ایدی.,f6,book2
3254,آخوای بویوردو کی، ایندی سن گئت، اوغلون قالسین.,f6,book2
3268,سوسن خان اوغلانی یالقیز گؤروب یانینا گلدی، اونون بئله آوارا اولماسی‌نین سیرّینی اوندان سوروشدو.,f6,book2
3282,او یاندان آخوای شهردن گلیب بویوردو:,f6,book2
3296,ائیله اونون ساغ-سلامات الیمه گلمه‌سی بؤیوک بیر ایشدیر.,f6,book2
3310,شفتن مین بئله اؤکوز ده اولسا، ایپی وئرمییه‌جه‌یینی سؤیله‌دی.,f6,book2
3324,قضادان، او گونو آخوای دا بیر چودار صورتی ایله بازارا چیخمیشدی.,f6,book2
3338,بو یاندان آخوای دوه‌نین اوسارینی سوسنه وئریب اونو اؤلدورمک اوچون کسرتی گتیرمگه گئتدی.,f6,book2
3352,تویوق داری‌نین هامیسینی دنله‌ییب قورتاردی، یالینیز بیر دنه‌سی شاهین تاختی‌نین آلتینا سیچرادیغیندان، تویوغون گؤزو گؤرمه‌دی.,f6,book2
3366,خان اوغلان آخوایین قیزی سوسه‌نین اونا ائتدیگی یاخشیلیغی، اونون زیرزمیده کیمسیز-کیمسنه‌سیز قالدیغینی شاها نقل ائتدی.,f6,book2
3380,نه گؤردو جوضون باشیندا؛ بیر جیران میثال قیز ال-اوزونو یویور.,f6,book2
3394,بوندان سورا هر ایکیسی بیر-بیرلرینه سؤز وئریب آیریلدیلار.,f6,book2
3408,بختیار بیر وارایدی بیری یوخ ایدی.,f6,book2
3422,ایتینن ائششه‌یینن هامی بینه‌سی بوردادی.,f6,book2
3436,ملیک ممد ده قویونونو ییغیب یاواش-یاواش اؤز کندلرینه طرف گلدی.,f6,book2
3450,چکیلیب یولدان کنار دیوارین دیبینده هیبه‌نی قویدو باشی‌نین آلتینا اوزاندی.,f6,book2
3464,بختیار گؤردو بو بیر قیزدی کی، یئمه-ایشمه بونون خطی خالینا، گول جمالینا تاماشا ائله.,f6,book2
3478,نه قدر کی چیخمامیشیق، آتدان دوشه بیلمریک.,f6,book2
3492,قویونون لاپ اؤلوسونون اوسته دوشسم، دیریلده‌رم.,f6,book2
3506,– پادشاه، تاختین تاراج اولسون، یهرین قاننان دولسون، نه یاتیرسان ؟,f6,book2
3520,بو قریب ائلده سن بئکئف اولاندا گؤر من نه حالا دوشرم.,f6,book2
3534,خؤرک حاضیر اولدو، بیر تهرنن بیر آز زهررندیلر.,f6,book2
3548,گرک منه سؤز وئر‌سن کی، فراغت دوراجاخسان، تا آرواد-فیلان گئتیرمییه‌جکسن.,f6,book2
3562,بیر آزدن سورا بختیار گؤردو اوچ گؤیرچین گلدی، قوندو بولاقین باشینا.,f6,book2
3576,خانیم گؤردو پاهو، بختیار بودی پریلر پادشاهینین دا قیزین گتیریر.,f6,book2
3590,بیر تهرنن بختیارین باشین قیرخیب اؤزون یئتیردی پادشاها.,f6,book2
3604,– بختیار، قوچاغیم، گؤرورم سن بیر قوچاق اوغلانسان، گرک منه گولستانی-ارمنن گول گتیره‌سن.,f6,book2
3618,بولبوللر جه-جه وورور، گوللر په-په وورور، تاماشاسیننان دویماخ اولمور.,f6,book2
3632,پادشاه گؤردو پاهو، بختیار اؤلمییب، بودو گولو گتیردی.,f6,book2
3646,– قیبله‌ی-عالم ساغ اولسون، بونو گؤند‌رک قیرخ قولاننی آت سودو گتیرسین، بلکه آت بونو بیرتهر ائلییه.,f6,book2
3660,بختیار قیز دیین کیمی ائله‌دی.,f6,book2
3674,بختیار یاواش-یاواش گلیب گؤلون قیراغیندا بیر قویو قازدی.,f6,book2
3688,گرک منه او سودونن وئر‌سن.,f6,book2
3702,ائله کی، بختیار او یانا گئتدی، آت قولاخلارین قلم ائلیییب هارایاسا سیچرادی.,f6,book2
3716,او دونیادان منه خبر گتیردین گتیردین، گتیرمه‌دین بوینونو ائله ووردوراجاغام کی، بیر دامجی قانین یئره دوشمه‌سین.,f6,book2
3730,اودون آلیشیب توستو بوروینده گولی قاه-قاه خانیم بیر گؤیرچین اولوب دوشدو قوندو بختیارین یانینا بیر لؤح اوخویوب بختیاری ائله‌دی بیر چؤپ، ووردو جایناغینا بیرباش گتیردی ائولرینه، بیر لؤح اوخویوب گئنه ایله‌دی آدام.,f6,book2
3744,– قیبله‌ی-عالم ساغ اولسون، آتا-آنانی گؤردوم، کئفلری چوخ سازدیر، یاخشیدی، بهیشته اوتوروب بیر یاناریننان سود گؤلو آخیر، بیر یاناریننان بال گؤلو آخیر.,f6,book2
3758,گؤردولر کی، پادشاه نه گزیر، وزیر نه گزیر.,f6,book2
3772,منیم ده اصلی آدیم ملیک ممد ایدی کی، او کیشیینن ديَیشمیشدیم.,f6,book2
3786,– ای اوغلان، سن هارا، بورا هارا ؟,f6,book2
3800,محمّد پوللاری ییغیب، قیزین یانینا گلدی.,f6,book2
3814,محمّد بیرباش قیزین یانینا گئتدی.,f6,book2
3828,وزیر پول گتیریب محمّده وئردی.,f6,book2
3842,بیر تاختاسی قیزیل، بیر تاختاسی گوموش اولسون.,f6,book2
3856,ایسکندر آلتی یاشیندئیدی، آمّا چوخ عاغیللی، فراستدی بیر اوغلانیدی.,f6,book2
3870,ائله‌دین، ائله‌دین، ائله‌مه‌دین سنده اوتومویاجاغام.,f6,book2
3884,صاندیغی آچدی، گؤردو بیر اوغلان اوشاغیدی کی، اوزونه باخاندا گؤز قاماشیر.,f6,book2
3898,بو ایکیسی ده، صیغه‌‌ اوخوتدولار، قارداش اولدولار.,f6,book2
3912,آتا-بابامیز دئیردی کی، بو دریادا قیزیل بالیق اولماز.,f6,book2
3926,بیر ده گؤردو بیر سورو آلا قارغا تؤکولدو قاپییا، باشلادیلار قیر-ویر.,f6,book2
3940,آروادینا تاپشیردی کی، نبادا، ایسکندره دئیه‌سن.,f6,book2
3954,– قارداش، ائله منی بوردا قویوب شهررری گزیرسن ؟,f6,book2
3968,آنا قارغا دا بالالاری ییغدی بیر طرفه گئتدی.,f6,book2
3982,بیر آیین تامامیندا ایسکندر خسته‌لندی.,f6,book2
3996,او قدر گلدیلر کی، چاتدیلار اؤز شهرررینه.,f6,book2
4010,– قارداش، فیلان پادشاه بیر پهلیوان گؤندریب.,f6,book2
4024,– من دمیرچی زیندانی دئییلم کی، دمیرچیلیگی منیم باشیمدا اؤرگه‌نیرسن.,f6,book2
4038,آرواد او ساعت گئییندی، نؤکرلره چیغیردی کی، ای کؤپک اوشاخلاری، بو نئجه حئیواندی گتیمیسینیز، گیریب بورا ؟,f6,book2
4052,بو آدام باخدی گؤردو، بو بیر بدورت حئیواندی، قورخدو قاچدی.,f6,book2
4066,او دم ده یحیی نه کی جادو، مونجّیم، حکیم واریدی تؤهدو بورا.,f6,book2
4080,بیر نئچه گون باشلادی شهره پادشاهلیق ائله‌دی.,f6,book2
4094,نار قیزی بیری وار ایمیش، بیری یوخ ایمیش، بیر پادیشاهین بیر اوغلو واریمیش.,f6,book2
4108,وزیر اؤزو ده سِحر بیلیرمیش.,f6,book2
4122,بونا دئییر کی، ایمدی اوغلانلاریم گله‌جکلر، گل سنی گیزله‌دیم.,f6,book2
4136,اوغلانلاری‌نین گلمک وقتی اولاندا وزیر ایسم اعظم اوخویوب بیر جیبون اولوب بیر دئشیگه گیریر.,f6,book2
4150,وزیر قاریدان نار قیزی‌نین یئرینی اؤیرنندن سورا یولا دوشور، گئدیب همن باغا یئتیشیر.,f6,book2
4164,نار قیزی قویودان چیخیب کناردا بیر گول آغاجی اولور.,f6,book2
4178,بیر گون گنه گئدیب بازاردان اون گیرونکه یون آلیر.,f6,book2
4192,سورا بیر او طرفه، بیر بو طرفه اوفوردو:,f6,book2
4206,قیز آتی گؤرنده بیر او طرفه اوفورور، بیر بو طرفه اوفورور.,f6,book2
4220,او زامان قاعده بئله ایمیش کی، شاهزاد‌لر مکّه‌یه گئدنده اوستو اینجی مونجوق ایله تیکیلمیش پالتار گییرلرمیش.,f6,book2
4234,قاراواش باخیب گؤردو کی، شاهزاده گنه پنجر‌دن باخیر.,f6,book2
4248,احوالاتی باشدان-آیاغا بونلارا سؤیله‌ییر.,f6,book2
4262,صوبح اولاندا گؤرورلر کی، گنه ده باغی خاراب ائتمیشلر.,f6,book2
4276,شاهزاده قویونون دیبینه دوشدوکدن سورا ایپی آچیب یول گئتمگه باشلاییر.,f6,book2
4290,بوندان سورا قیزلاری گؤتوروب قویونون یانینا گلدی، بؤیوک قیزی ایپه باغلاییب قارداشلارینا خبر وئریردی کی، ایپی چکسینلر.,f6,book2
4304,– کیچیک قارداشیمیز دئو ایله دعوا ائتدیکده هلاک اولدو.,f6,book2
4318,بو طرفدن شاهزاده گئدیب بیر بؤیوک آغاجا یئتیشدی.,f6,book2
4332,بو سؤزدن سورا شاهزاده او یئرین پادیشاهی‌نین یانینا گئدیر و اژدهانی اؤلدوروب خلقی ذلتدن خلاص ائتدیگینی سؤیله‌ییر.,f6,book2
4346,بو سؤزلردن سورا شاهزاده قوشون دالینا مینیر.,f6,book2
4360,ملیک محمّد بیری وار ایمیش، بیری یوخ ایمیش، بیر پادیشاهین اوچ اوغلی وار ایمیش.,f6,book2
4374,بو دا قارداشی کیمی وصيّت ائدیب مارالین دالینجا قاچیب گؤزدن غئیب اولور.,f6,book2
4388,گئجه صؤحبت اثناسینده قوجا بونا سؤیله‌ییر:,f6,book2
4402,ملیک محمّد طوطونو گؤتوروب پادیشاهین قصرینه گلیر.,f6,book2
4416,درزی باخیب گؤرور کی، دولگر آغاجدان بیر آدام یونوبدور، بو دا بیر دست پالتار تیکیب آداما گئیدیریر.,f6,book2
4430,آخشام قوش ملیک محمّده دئییر:,f6,book2
4444,کتابین خاصيّتی بو ایمیش کی، هر کس اونا باخسا ایمیش دونیاد‌کی واقعیات اونا معلوم اولارمیش.,f6,book2
4458,خالچا صاحبی دئییر کی، من اولماسایدیم، طاسیم اولماسایدی، هر حالدا، قیز شفا تاپمازدی.,f6,book2
4472,وکیلین آروادی دوشوب گؤتورور، ائوه قاییداندا گردنبندین اوستونده مباحیثه‌ دوشور.,f6,book2
4486,بو آییدان قیزین بویونا بیر اوشاخ دوشدو.,f6,book2
4500,– اوننان سنین ایشین یوخدو، او منیم ایشیمدی.,f6,book2
4514,گلدیلر بو سود ا‌منن شیکایتچی اولدولار.,f6,book2
4528,اوچو ده یولدا بیری-بیرینن سوروشدولار:,f6,book2
4542,بو دا چابالادی بویانا-اویانا، آخیری بیر تهرینن الین آچدی، ایاغین دا آچدی.,f6,book2
4556,بو دا او یانا، بو یانا پارتدادی.,f6,book2
4570,سود ا‌من گؤردو باش دئییر کی، گؤزل ایسدیین منه ساری گلسین، بدن دئییر، خزینه ایسدیین منه ساری گلسین.,f6,book2
4584,اونلار بیزی گؤرسه‌لر، سنی قویودا قویاجاقلار، اوندا سن بیر آغ قوچونان بیر قارا قوچ گلیب بوردا هلّشه‌جک.,f6,book2
4598,سود ا‌من آلدی ایسته‌دی ایچسین، گؤردو پشاو اییی گلیر.,f6,book2
4612,– قاری ننه، دی دور گئت سو گتیر.,f6,book2
4626,سود ا‌من ده باشین قویدو یاتدی.,f6,book2
4640,من ائلیینده تولوغون بیرین آت، ائله‌ینده جمدکدن بیرین آت.,f6,book2
4654,سود ا‌من گؤردو بونو قویویا سالان آداملار توی ائلیییر همن قیزلارا.,f6,book2
4668,– گئتسین خبر گتیرسین گؤرک، گول سومانا نئیله‌دی، سومان گوله نئیله‌دی ؟,f6,book2
4682,او ساعت هاردا دئمیسن، اوردا اولار.,f6,book2
4696,– محمّد، چؤرگینی یئ، اونو سوروشما.,f6,book2
4710,–هر گئجه گول سنین پالتارینی گئیینیر، آتین بیرین یهررلدیر مینیر، چیخیر، گئدیر.,f6,book2
4724,گؤردوم گول ایسدیییر منی حرامی باشی‌نین آلتینا سالا.,f6,book2
4738,نه بیشیریردی، منه دا اوننان وئریردی.,f6,book2
4752,هئچ دئمئینن، بو آرواد دا جادیکون ایمیش.,f6,book2
4766,گلدیم ایچری گیردیم، گئنه اورگیم قبول ائله‌مدی.,f6,book2
4780,سومان دوردو کی، قاپینی باغلاسین، محمّدی اؤلدورسون.,f6,book2
4794,پادشاه امر ائله‌دی، جماعتی ییغدی.,f6,book2
4808,– گلین، آتامیزا خبر یولویاق کی، بیز یئتیشمیشیک.,f6,book2
4822,پادیشاها خبر گئتدی کی، کیچیک اوغلونون بختینه بیر مئیمون چیخیب.,f6,book2
4836,گون باتاندا یوخ، گون چیخان طرفده قارپیزی یئره وورارسان، قاییدیب دالا باخمییاسان.,f6,book2
4850,بئله بیر عمارت خبری قارداشلارا چاتدی.,f6,book2
4864,بونون بختینه کی، بیر مئیمون چیخمیشدی.,f6,book2
4878,بیر ده بو پاپاخدی کی، بونو دا کیم قویسا باشینا، هئچ کیم اونو گؤرمز.,f6,book2
4892,نئچه گون ملیک دوچار پریلر خانیمین ائوینده قالدی.,f6,book2
4906,خالچا ملیک دوچاری گولون دامی‌نین اوستونه قویدو.,f6,book2
4920,عمیمین قیزی بیر قالانین قاباغیندا دوشدو، ایچری گیردی.,f6,book2
4934,من ده بو باشا ایگیرمی-اوتوز چوبوخ چکیرم، او آغلاییر.,f6,book2
4948,پادشاهین دا بیر اوغلو واریدی، آدی ابراهیم ایدی.,f6,book2
4962,گلدی گؤردو شهرین قیراغیندا بیر کوما وار، آتی سوردو بو کومایا، چاغیردی:,f6,book2
4976,ابراهیم اؤز-اؤزونه دئدی کی، بو منیم آدیمی نه بیلیر ؟,f6,book2
4990,– بالا، اوچ شاهییا بیر پوت دا آرپا وئرللرمی ؟,f6,book2
5004,قیز یاتیب، اونون بیر اوزونن اؤپرسن، دا ديَمزسن، قاییدیب گلرسن.,f6,book2
5018,– من کور پادشاهین اوغلویام، آدیما دا ابراهیم، دئیللر.,f6,book2
5032,آمّا گؤردو بیر شهر گؤرونور.,f6,book2
5046,شهری بو ساعت آلت-اوست ائلییه‌جک.,f6,book2
5060,بولود گلدی گؤردو نه قیزلار وار، نه ده ابراهیم.,f6,book2
5074,بولود ابراهیمی ده گؤتوردو گلدی پادشاهین یانینا.,f6,book2
5088,او یاخشیلیقلارین عوضیدی کی، بیر بئله ائله‌دیم سنه.,f6,book2
5102,بونون گؤزونون آغی قاراسی بیر اوغلو وار ایمیش.,f6,book2
5116,بیر گون همن اوغلان پاپاغی باشینا قویوب پادیشاهین سارایینا گلیر، چکیلیب گؤرور کی، پادیشاهین آروادی قیزییلا پیلوو یئییرلر.,f6,book2
5130,پادیشاهین آروادی قیزی ایله بیر-بیر آلمالاردان یئییرلر.,f6,book2
5144,پادشاه اونا حؤکم ائله‌دی گئدیب او آدامی چاغیرسین.,f6,book2
5158,میرداماد یئنه دئدی کی، اونون صنعتینی اؤیرنمک ایسته‌ین قیزیل شئی گزدیره بیلمز.,f6,book2
5172,– سن کی، خانیم ایله قوللوقچونو تانیدین من سانا ديَمرم.,f6,book2
5186,– سنی گؤروم ایلان وورسون، نئیه اوشاغی تندیره آتدین.,f6,book2
5200,– آی پادشاه، سن آدام اتی یئیه بیلرسنمی ؟,f6,book2
5214,اوخ گلیب دئوین سینه‌سینه ديَن واخت، دئو یئره ییخیلدی.,f6,book2
5228,درویش تک هر گون چؤله گئدیردی، آمّا قاییداندا بیر نئچه آدام ایله گلیردی.,f6,book2
5242,آتاسی دا بونا اون ایکی دوه یوکو قیزیل وئردی.,f6,book2
5256,او پادشاهلیقدان ال چکدی، گؤر نئجه انصافلیدیر کی، قیزیل یوکلو اون ایکی دوه‌نی الله یولوندا پایلادی.,f6,book2
5270,میرداماد گلنده اونون الیندن گولو دسته ایله آلیب اونا بیر بالاجا بوداغینی وئردی.,f6,book2
5284,سن بازاردان اوچ آلما آل گتیر.,f6,book2
5298,بیردن قیزلارین خییالینا دوشور کی، باخسینلار گؤرسونلر بو کیشمیشلر قویونون دیواریندا هارادان پئیدا اولور.,f6,book2
5312,گئجه اولاندا گلیب طؤله‌نین بیر سمتینده گیزله‌نیر.,f6,book2
5326,– آروادی آپاریب حیطده‌کی پئیی‌نین ایچینه قویسونلار و گونده بیر پارچا قورو اپپک وئرسینلر کی، اؤلنه کیمی او حال ایله اورادا قالسین.,f6,book2
5340,– آتا-آنامیز راضی اولماسا گئده بیلمریک.,f6,book2
5354,پادیشاه بونو ائشیدن کیمی آروادینی پئیینلیکدن چیخارتدیریب، تازا پالتار گئیدیریب، اوننان عوذر ایسته‌ییر.,f6,book2
5362,– آی آرواد، نه سفئه-سفئه دانیشیرسان ؟,f6,book3
5376,اودونچونون آروادی اوّل قورخدو، ایسته‌مه‌دی آلیب ایچه.,f6,book3
5390,آجیغی توتوب، منی بو اوتاغا سالیب، ساچیمدان آسدی.,f6,book3
5404,بیر ده اونو گؤردو کی، آرواد بودو سهنگ چیینینده گلیب چیخدی.,f6,book3
5418,– آرواد، دور کلمه‌ی-شهادتینی دئ، سنی اؤلدور‌جه‌یم، سنین دوغدوغون تپنه ديَسین.,f6,book3
5432,اوتوروب تز‌دن خؤرک بیشیرمکده اولسون، آل خبری درویشدن.,f6,book3
5446,آچیب قاپینی، گیردی ایچری، گؤردو کی، پادشاه خؤرک یئییر.,f6,book3
5460,وزیر، وکیل پادشاهی آییلدیب تاختا چیخارتدیلار.,f6,book3
5474,– ای دیلی-قافیل، بو فیلان جادوکونون توپورجه‌ییندن عمله گلن اوغلاندی.,f6,book3
5488,پری قوردو ماشاینان توتوب، قاراقاشا گؤرسه‌دیب دئدی:,f6,book3
5502,باش ووروب اودون سؤندوردو، قالخیب گؤیه قیشقیردی:,f6,book3
5516,پادشاها خبر گئتدی کی، فیرنگ پادشاهی ائلچی گؤندریبدی.,f6,book3
5530,پادشاه ساغ اولسون، آند ایچ غضبلنمه‌یه‌جکسن، آرادا قان خاطاسی اولمایاجاق، دئییم.,f6,book3
5544,او اوغلانی اؤلدورسن، قیزیمی سنه وئر‌رم.,f6,book3
5558,قاراقاش آز ائشیدیب اؤزون تئز آتدی حیطه، دئدی:,f6,book3
5572,– نازَنین، من اوچ آیلیغام کی، منیم اوچون قورخورسان ؟,f6,book3
5586,– ایندی کی، بئله اولدو، آتام سنه نه جور آت وئرسه نباده مینه‌سن.,f6,book3
5600,قاراقاش مینیب آتا، اوز قویدو مئیدانا.,f6,book3
5614,– وزیر، من اونون آتا-آناسینی تانیمیرام، هئچ بیلمیرم نه مکانین آدامیدی.,f6,book3
5628,قاراقاش راضی اولوب، اوتدان دؤشک دوزلدیب، گوللردن یاستیق، اوزاندیلار.,f6,book3
5642,گؤردو کی، قاباقدا بیر کوما گؤرونور.,f6,book3
5656,او هامان درویشدی، باجار اونو اؤلدور!,f6,book3
5670,هه یاواش-یاواش، دؤرد قیزی اؤلدوروب قورتاراندان سونرا، قاباغینا دریا چیخدی.,f6,book3
5684,– پادشاه ساغ اولسون، بو سنین قیزین دئییل.,f6,book3
5698,پادشاه دوروب بو سؤزدن سونرا گلدی پری خانیمین یانینا، دئدی:,f6,book3
5712,– ای ظالیم پادشاه، پری خانیمی سندن ایسته‌ییرم.,f6,book3
5726,سیمانین ناغیلی بیری وار ایمیش، بیری یوخ ایمیش، گونلرین بیر گونونده، بئله دئییرلر، بیر ویلایتده دشکووار آدیندا بیر پادشاه وار ایمیش.,f6,book3
5740,رمّالدان سؤز آلیب سیرّی ساخلادی.,f6,book3
5754,– ساققالیما دن دوشوب، صاباح دوشوب اؤلسم، گؤر‌سن بو باغا کیم صاحب اولاجاق.,f6,book3
5768,خبر گئدیب چاتدی باغبانا کی، آروادی‌نین بیر اوغلو اولوب.,f6,book3
5782,– کاش عومرونو باغیشلایایدی سنه، آمّا دونیایا گلمه‌ییدی.,f6,book3
5796,پادشاه اؤز آداملاری‌نین دیلیندن کاغیذ آلیب دئدی:,f6,book3
5810,باغبانین آروادی شاه دشکووارین شهریندن چیخیب اوز قویدو چؤللو-بری-بیابانا.,f6,book3
5824,آرواد باخیب گؤردو کی، همین اوشاقدی کی، ات پارچاسی کیمی ایدی.,f6,book3
5838,سیمان چینارین قالین طرفینی اژداهانین آغزینا سالیب حمله‌‌ ائله‌دی ایره‌لی، اوجونو سانجیب بوغازی‌نین یولونا، دایادی تورپاغا.,f6,book3
5852,آمّا ائله جورأتلی پهلوان اولموشدو کی، قاف داغینا گوج ائلسیدی، یئریندن ترپه‌دردی.,f6,book3
5866,چوبان میندی سیمورقون دالینا، اؤزونو یئتیردی باشقا بیر شهره.,f6,book3
5880,گلیب چاتدی بیر قالاچایا، چوبانا دئدی:,f6,book3
5894,پهلوانلار گلیب چاتدی سیمانین برابرینه، خبر آلدیلار کیمسن ؟,f6,book3
5908,وزیر گئدیب قوشون حاضرلیغی گؤردو، گلیب شاه دشکووارا خبر وئردی کی، قوشون حاضردی.,f6,book3
5922,شاه دشکووار چاتیب سلام وئردی، آمّا گؤز‌آلتی اوغلانا باخیب گؤردو کی، ائله اوغلاندی مصری، شامی، رومو گز‌سن بئله گؤزل تاپمازسان.,f6,book3
5936,چونکی سیمان گؤز آچیب اؤزون مئشه ایچینده، چوبان یانیندا گؤرموشدو.,f6,book3
5950,شهرده رعیّت آراسیندا ناراضیلیق آرتیردی.,f6,book3
5964,سیمان اؤزونه ائله بیر یولداش آختاریردی.,f6,book3
5978,سیمان غوّاصی یاواش-یاواش قویدو یئره.,f6,book3
5992,سیمان اوزانمیشدی، آت گؤردو کی، دیو گلیر، باشلادی کیشنه‌مه‌یه.,f6,book3
6006,شاه دشکووارا خبر گئتدی کی، سیمان گلیر، آمّا یانیندا دا بیر دیو گتیریر.,f6,book3
6020,– اوغول، فیرنگ پادشاهی بیزدن یئددی ایلین باج-خراجینی ایسته‌ییر.,f6,book3
6034,سیمانین نره‌سی‌نین ضربه‌‌‌سیندن شاه دشکووار اؤزونو بیر بوی آتدی، گؤردو کی، سیمانین گؤزلری قیزیب، اؤزون-سؤزون بیلمیر.,f6,book3
6048,گؤردو کی، بیر جئیران کولون دیبیندن چیخیب اوز قویدو قاچماغا.,f6,book3
6062,سیمان گؤردو کی، قاری یوخ اولدو.,f6,book3
6076,اودو کی، گلیب اوتورموشام بوردا، گؤزله‌ییرم سیمانین یولونو.,f6,book3
6090,یولون ساغینی قویوب، اوز قویدو سولونا.,f6,book3
6104,اؤزو ده آتلیلارین بیری قوجا، بیری جاواندی.,f6,book3
6118,بو خبری دیو فیروز ائشیدن کیمی اؤزونو ایتیردی، اوشاق کیمی آغلاماغا باشلادی.,f6,book3
6132,آچیب اوتاقلارین بیرینی، او یانا، بو یانا باخیب، گؤردو کی، بوردا بیر قیز وار، گل گؤر‌سن.,f6,book3
6146,گلیب شهره چاتمیشدی، آمّا بو طرفدن ده شهرده بیر قضا اوز وئرمیشدی.,f6,book3
6160,خان-خانی-چین گؤردو کی، اگر قوشون گؤندرسه سیمان قیریب چاتاجاق.,f6,book3
6174,خان-خانی-چین دیو فیروزون قورخوسوندان نئچه ایللر اولاردی کی، شهردن باییرا چیخمیردی.,f6,book3
6188,خان-خانی-چین هارای ائله‌دی، قوشونو کؤمه‌یه چاغیردی.,f6,book3
6202,سیمان دووشانی گؤرن کیمی، آتینی سوردو دووشانی توتا.,f6,book3
6216,پری­دوخ خانیم ائودن باییرا چیخیب، اؤزونو یئتیردی نار باغینا.,f6,book3
6230,اوزانیب یاتماقدا اولسونلار، ائشیت خان-خانی-چیندن.,f6,book3
6244,آمّا وزیرین دیلیندن بیر کاغیذ آلدی کی، بو سیرّی هئچ کسه دئمه‌سین.,f6,book3
6258,قاناد چالیب اؤزونو یئتیردی خان-خانی-چینین تورپاغینا.,f6,book3
6272,– سیمانا بی‌هوشداری اثر ائله‌مه‌ییب.,f6,book3
6286,سیمان گؤردو کی، پری­دوخ خانیم الدن چیخاجاق، راضی اولوب دئدی:,f6,book3
6300,اوجوبینیغین قوجا بیر پهلوانی واردی، تئز همین پهلوانی چاغیرتدیریب، گؤندردی سیمانین قاباغینا.,f6,book3
6314,سیمان اؤزونو یئتیردی خان-خانی-چینین یانینا.,f6,book3
6328,سحر تئزدن سیمان یئنه دوروب مئیدانی گزدی.,f6,book3
6342,شاه دشکووار سیمانی چوخ گؤزله‌دی، گؤردو کی، سیمان گلیب چیخمادی.,f6,book3
6356,بو طرفدن ده خبر گلیب چاتدی کی، سیمان پری­دوخ خانیمی گؤتوروب قاچیب، گل کؤمه‌یه!,f6,book3
6370,آز گئدیب چوخ دایاندیلار، چوخ گئدیب آز دایاندیلار، گلیب چاتدیلار بیر چؤللو-بری-بیابانا.,f6,book3
6384,شهرین بیر آغاجلیغیندا بیر قالاچا واردی، دیو آدامزاد سیلیب سوپوروب، پری­دوخ خانیمی قویدو اورادا، اؤزو ده گئتدی شاه دشکووارین عمارتینه.,f6,book3
6398,چکیب قیلینجینی، قاپی‌نین قیفیلینا ائله بیر قیلینج ووردو کی، قاپی ایکی بؤلونوب، لای‌بالای آچیلدی.,f6,book3
6412,قاری بیر اوزون ایلان اولوب، قارالیب اوزاندی یولدا، سیمان یولا باخیب گؤردو یولدا بیر گورزه ایلان وار.,f6,book3
6426,تئز ائندی آشاغی، قانادین سالدی سیمانین اوستونه، باشلادی قارووولونو چکمه‌یه.,f6,book3
6440,دیو آدامزاد سیمانی گؤرن کیمی، تئز گئدیب پری­دوخ خانیما موشدولوغا، گؤز‌آیدینلیغی وئردی، اؤزو ده چیخدی سیمانین قاباغینا.,f6,book3
6454,پادشاهین اوغلو حیا ائتدیگیندن، اؤز چادیرینی بیر کناردا قورور.,f6,book3
6468,آتان غیظه گلیب سنی اؤلدورمک ایسته‌یه‌جک.,f6,book3
6482,بیر قدر یول گئدندن سونرا، بیر یئرده اوتوروب چؤرک یئمک ایسته‌ییرلر.,f6,book3
6496,اوغلان باخیب گؤرور کی، شاهزاده چوخ بیکئیفدی.,f6,book3
6510,هر بیریسی چیخدیقجا ایسته‌ییر کی، اوغلانی وورسون.,f6,book3
6524,بو مال، دؤولتی ده، قیزی دا باهم قارداشلیقدا گرک یاری بؤلک!,f6,book3
6538,بیر ده معلومون اولسون کی، من انسان دئییلم.,f6,book3
6552,کیمی بَیه‌نیرسن دئ، او آداما دا نیگاه کسدیرک.,f6,book3
6566,پرینوش یومشاق یاتاقدا یاتمیشدی، قیرخ قیز دا یانیندا اونون قارووولونو چکیردی.,f6,book3
6580,گؤرن کیمی تانیدی کی، بو، باغبانین اوغلو ابراهیمدی.,f6,book3
6594,ابراهیم بیر شئی باشا دوشمه‌دی، ایسته‌دی گئده، پرینوش ابراهیمین قاباغینی توتوب قویمادی.,f6,book3
6608,تا او واختا قدر کی، بوتون حکیملردن آتامین الی اوزولدو، سنه خبر گؤندر‌رم، سن گلیب آتاملا شرط باغلایاسان.,f6,book3
6622,باش اییب ادب سلامین یئرینه یئتیردی.,f6,book3
6636,اگر منه یئددی داغ آلماسیندان اوچ آلما دریب گتیرسن، قیزیم پرینوشو سنه وئردیم، یوخ، گؤتوروب گله بیلمه‌سن، منیم سنینله قوهوملوغوم توتماز.,f6,book3
6650,آز گئدیب، چوخ دایاندی، نئچه منزیل کئچیب گلیب چاتدی چؤللو-بری-بیابانا.,f6,book3
6664,ایکی آغاجدان ماشا دوزلدیب، آلمالاردان دریب، چیخیب گل.,f6,book3
6678,ابراهیم گلیب چیخدی، آلمالاری دا اؤزو ایله گتیردی.,f6,book3
6692,ابراهیم پیس باشلامیشدی، بیلدی توتولاجاق، اولدو توستو چیخدی دئشیکدن، بیر شیر اولوب دایاندی.,f6,book3
6706,پرینوش ابراهیمی گؤرن کیمی قولون سالیب بوینونا دئدی:,f6,book3
6720,قوجا لـله بو ایشه تاب گتیرمه‌ییب تغییر-لیباس ائله‌دی، چیخدی ملیک ممدی آختارماغا.,f6,book3
6734,آتاسی نه قدر دلیل-دلاییل دئدیسه مومکون اولمادی.,f6,book3
6748,قیز بونو گؤرجک دیک قالخدی آیاغا کی:,f6,book3
6762,گولنار خانیم بیر آز راحتلیق ائدندن سونرا، اؤز گلمیی‌نین سببینی دئدی.,f6,book3
6776,– اونو منیم بؤیوک قارداشیم اوغورلاییب بیر داغدا طیلسیمبند ائله‌ییب.,f6,book3
6790,آخیر دیو بوینونا آلدی کی، ملیک ممدی او اوغورلاییب، اؤزون ده یئددی تپه قالاسیندا طیلسیمه سالیب.,f6,book3
6804,گولنار خانیم احوالاتین هامیسین اؤیره‌نیب اوز قویدو هامان قالاچایا طرف گئتمه‌یه.,f6,book3
6818,آخیرینجی داشی اوخویوب قورتاراندا ائله بیل کی، داغ حرکته گلدی.,f6,book3
6832,گؤزون آچیب گؤردو یانیندا بیر قیز اوتوروب قرآن اوخویور.,f6,book3
6846,ایندی ده بو قیافته اؤزون سالیب.,f6,book3
6860,چوخ دانیشیقدان سونرا دَ‌ییرمانچی گولناری گؤتوروب آپاردی ائولرینه.,f6,book3
6874,گولنار خانیم باشلادی بیر خلی توخوماغا.,f6,book3
6888,غرض، پولون وئریب بو خلینی آلدی، دوزلدی یولا.,f6,book3
6902,گؤردو همین قوجا بورادادی، یون آلیر.,f6,book3
6916,قوشون آتلاندی، گئتدیلر قیزی گتیرمه‌یه.,f6,book3
6930,مئیدان قورولدو، پادشاه غضب پالتارین گئییب چیخدی مئیدانا.,f6,book3
6944,گونلرین بیر گونونده، ممد نصیر تینینده، بیری وار ایدی، بیری یوخ ایدی، الله­دان باشقا هئچ کیم یوخ ایدی.,f6,book3
6958,پادشاه بورادا اؤز فیکرینده اولسون، سنه کیمدن دئییم، پادشاهین آروادیندان.,f6,book3
6972,پادشاه همیشه آروادینا دئییردی کی، نباده آچارلاری جانتیقه وئره‌سن، یوخسا گئدر پری خانیمین شکلینی گؤرر، اونا عاشق اولار.,f6,book3
6986,تا هئچ بیر سؤز دئمه‌دی.,f6,book3
7000,کیمین قیزین ایسته‌ییرسن من سنه آلیم.,f6,book3
7014,بونلارین اوچو ده چشمه‌نین باشیندا اوتوردولار، قارینلارینی برکیتمه‌یه باشلادیلار.,f6,book3
7028,بونلار بیلدیلر کی، قاری قیسمی پولگیر اولار.,f6,book3
7042,– قاری ننه، گئدک، اژداهانی منه گؤستر.,f6,book3
7056,جانتیق قیزی ائولرینه یوللادی، اؤزو ده تئز ائوه گلدی.,f6,book3
7070,– سیز قوناق دا اولسانیز اژداهانی اؤلدورموسونوز.,f6,book3
7084,بونلار او ساعت بیلدیلر کی، قاری قیسمی پولاگیر اولار.,f6,book3
7098,جانتیق بیر داشین اوسته اوتوردو، گؤردو کی، بودو بیر قیز گلیر، باشیندا پلوو، یئمه، ایچمه، بو قیزین خطتی-خالینا، گول جامالینا تاماشا ائله.,f6,book3
7112,اورا چاتاندا گؤررسن کی، دامین اوستونده بیر قوش اوچور.,f6,book3
7126,بلی، پری خانیملا جانتیق اؤپوشدولر، گؤروشدولر.,f6,book3
7140,دئمه جانتیقین گؤزوندن بیر توک یایینیب کئچیر، خبری اولمور.,f6,book3
7154,او ساعت امر ائله‌دی، باغبانی زیندانا سالدیلار.,f6,book3
7168,تپیک ائله برک ديَدی کی، قاری ننه قیرخ پیلله‌دن آشاغی گئتدی.,f6,book3
7182,– آ قیزیم، قادان-بالان آلیم، گؤرونور کی، جانتیق سنی ایستمیر.,f6,book3
7196,جانتیق دوردو، باخدی کی، گؤرسون قاری یاتیب، یوخ.,f6,book3
7210,بیر گون گؤیده اولدوز تانییان اؤز-اؤزونه دئدی:,f6,book3
7224,بلی، سؤزون قیصاصی داماری گؤتوردولر، گتیریب جانتیقین دؤشونه قویدولار.,f6,book3
7238,بونلار پادشاهین بوتون دؤولتینی قاطیرلارا چاتدیلار، یولا دوشوب دریایی-جاهانگیرین آروادی اولان شهره گلدیلر.,f6,book3
7252,– اشی، بیزیم بو دلی پادشاهین بیر گیج، آخماق اوغلو واردی.,f6,book3
7266,پادشاه ائله بیلدی کی، چوبان یالان دئییر، امر ائله‌دی چوبانی زیندانا سالدیلار.,f6,book3
7280,بو فیکیر پادشاهی سالمیشدی درده-غمه.,f6,book3
7294,خوروزلار بانلادی، سحرلر آچیلدی، چاققاللار اولادی، آخشاملار اولدو، گونلر دولاندی، ایللر کئچدی، بو اوغلانلار اون بئش-اون آلتی یاشلاریندا اولدولار.,f6,book3
7308,آز گئتدیلر، چوخ گئتدیلر، اوزاقدان بؤیوک بیر قالاچا گؤروندو.,f6,book3
7322,قورخما، هر طرفدن سس-کوی قالخاجاق.,f6,book3
7336,درویش دوردو آیاغا، اپپیی گؤتوردو الینه کی، تندیره یاپسین، ملیک جومشود واخت ایتیرمه‌ییب تئز اونو تندیره باسدی، دوواغی آغزینا قویوب اوتوردو اوستونده.,f6,book3
7350,– ملیک جومشود، من ده بیر بالامی سنه وئریرم.,f6,book3
7364,– باغبان قارداش، من صاحبسیز بیر آدامام، منه بیر ایش وئر، ایشله‌ییم.,f6,book3
7378,آمّا هرچند کی، کئچلدی، اؤزو چوخ گؤزل اوغلاندی.,f6,book3
7392,ائله بئله‌جه گئدیب آتالارینا بو باره‌ده بیر سؤز دئمک اولمازدی.,f6,book3
7406,هارادان بیلک کی، بونلارین مئیلی کیمه‌دی ؟,f6,book3
7420,ملیک جومشود ائله گلیب، اینینده ییرتیق پالتار، پنجره‌نین قاباغیندان کئچنده، قیز آلمانی، یاللاه، کوپه‌دی اونون دالینجا.,f6,book3
7434,آز کئچدی، چوخ کئچدی، کورکنلر هر یانی آختاردیلارسا اوو اثری تاپیلمادی، کور-پئشیمان ائوه قاییتماق ایسته‌ییردیلر کی، بیر ده باخدیلار داغین اوستو دولوب اوولا.,f6,book3
7448,بیر اوو توتدو، ییخدی یئره، دئیه-دئیه باشین کسدی، وئردی بونلارا.,f6,book3
7462,دئ بیر تیکه ده بوندان ووردو.,f6,book3
7476,بیزیم ملیک جومشود ده آروادینا دئدی کی:,f6,book3
7490,بیر ده گؤردولر کی، گون‌باتان طرفدن بیر توز قالخدی.,f6,book3
7504,نه تهر اولدوسا داوادا ملیک جومشود الیندن یارالاندی.,f6,book3
7518,– اوغلان، سن نییه اؤزونو بیزدن گیزله‌دیرسن ؟,f6,book3
7532,امر ائله‌دی اونلارین بودلارین آچیب باخدیلار، گؤردولر کی، دوغرودان دا ملیک جومشودون دئدیگی کیمی، هر‌سینه بیر دامغا وورولوب.,f6,book3
7546,بو بوردا، بو دمده قالسین، بیز قاییداق دالا.,f6,book3
7560,اوغلان ائله قارداشی‌نین آدین ائشیتجک اورگی تاپپیلدادی، اؤز-اؤزونه دئدی:,f6,book3
7574,باخ من سنه دئدیگیم سولار بورادادی.,f6,book3
7588,گؤره‌سن قارداشیم بورادا نچی ایمیش ؟,f6,book3
7602,قوللارینی بوینونا سالیب باشلادی دانیشماغا کی، آی نه بیلیم ایندییه کیمی هارادایدین ؟,f6,book3
7616,قاری بونو گؤرجک باشلادی یالوارماغا کی:,f6,book3
7630,– اورگینی سیخما، گل مین اؤز اوستومه!,f6,book3
7644,ملیک محمّد یول اوچون لازیم اولان شئیلری آلیب اؤزو ده زومرود قوشونا مینیب قالخدیلار گؤیه.,f6,book3
7658,بیر آز صؤحبتدن سونرا خؤرک گلدی.,f6,book3
7672,او دا بودو کی، احوالاتی دانیشیب قورتاراندان سونرا سنی اؤلدوررم.,f6,book3
7686,ائله بیل کی، بیر ایلدی یاتمیشام.,f6,book3
7700,لوتو اونا بیر سیلّه ووردو.,f6,book3
7714,ایتلیکده هئچ الیم یوخ ایدی، آچیق گؤروردوم کی، بئله گئتسه من ایکی-اوچ گونه آجیندان اؤلرم.,f6,book3
7728,یئنه افسون اوخویوب، منی اوّلکی حالیما قایتاردی.,f6,book3
7742,– من بونو اؤیرنمک اوچون مینلرجه آداملاری داش ائله‌میشم.,f6,book3
7756,چوخدان فورصت آختاریردی کی، اونو اؤلدوروب اؤزو پادشاهلیغا کئچسین.,f6,book3
7770,بیز ده اونون امریله گلمیشیک کی، سنی ده، اوشاغینی دا گؤند‌رک آتاسی‌نین یانینا.,f6,book3
7784,پادشاهین قارداشی باخدی کی، بو اوشاغین قولوندا بیر بازوبند وار.,f6,book3
7798,باخدی کی، کولفرنگیده بیر قیز اوتوروب، بیر قیز اوتوروب کی، سویا دئییر آخما، آیا دئییر باخما.,f6,book3
7812,پادشاهین، یعنی شیرزادین عمیسی‌نین ایکی اوغلو وار ایدی.,f6,book3
7826,صاباحی هامی گئییندی، کئجیندی، هره اؤز یئرین توتدو، دیوان قورولدو، اوغلان گتیردیگی لعلی بیر خونچایا قویوب گتیردی پادشاهین حوضورونا.,f6,book3
7840,آت بیرباش یولا دوشدو، اطرافینا هئچ فیکیر وئرمه‌ییب گئدیردی.,f6,book3
7854,اؤز احوالاتین اونا دانیشیب همین چیراغی اوندان ایسته‌دی.,f6,book3
7868,– شیرزاد، طاماح سنه گوج ائله‌مه‌سین!,f6,book3
7882,گؤردو بودو ها اوزوم سبدلری دوزولوب بوردان اورا.,f6,book3
7896,کور-پئشیمان، اؤزون سؤیه-سؤیه اوز قویدو ایندی ده آغ دیوین ویلایتینه.,f6,book3
7910,شیرزاد اونون باشین دؤندردی قیزین یانینا.,f6,book3
7924,آغ قوشون دئدیگی کیمی بیر خندک قازیب گیردی ایچینه.,f6,book3
7938,بیر ساعتدان سونرا کولک کسیلدی، آغ قوش دا قالخدی گؤیه.,f6,book3
7952,گلیب چاتدیلار اوزوم ایسته‌ین دیولرین ویلایتینه.,f6,book3
7966,من ده بو گئجه بوردا یاتاجاغام.,f6,book3
7980,– او قیزیل یهرلی آتی قویمادیم توتاسان، اونا گؤره کی، او، قیزین عمیسی ایدی.,f6,book3
7994,بیر کیشی وار ایدی، بونون اوچ دنه قیزی وار ایدی.,f6,book3
8008,– جانیم قوربان، گؤزوم قوربان، بیر دور آیاغا، فیرلانا-فیرلانا کوپدن بیر آز قووورما چیخار، گتیر یئیک!,f6,book3
8022,تا هئچ بیر سؤز دئمه‌ییب گتیردی قووورمانی قویدو یئزنه‌سی‌نین قاباغینا.,f6,book3
8036,او سالدیقجان دا پیشیگی ده یئییردی.,f6,book3
8050,اللشدی، ووروشدو، آخیری کی، قاپینی گوج-بلا ایله آچدی، گیردی ایچرییه.,f6,book3
8064,قوتونون بیر خیردا پنجره کیمی دئشیگی وار ایدی.,f6,book3
8078,بیلدی کی، بوردا بیر ایش وار.,f6,book3
8092,اوغلانلار ایکیسی ده دوروب دؤندولر شهره.,f6,book3
8106,گلدی، گیردی ائوه، گؤردو نه قیز، نه فیلان.,f6,book3
8120,قاراوولچولاردان بیری گؤردو کی، بو نوغول یئییر.,f6,book3
8134,– منه کؤمک اول، ای صوبحی-صادق!,f6,book3
8148,– آی قیز، آی قیز، سنی گؤروم، سنی گؤروم، یئریینده بیر آیاغین قیزیل کسسین، بیر آیاغین گوموش!,f6,book3
8162,– گؤزونون بیرینی وئر، سنه بیر ایچیم سو وئریم.,f6,book3
8176,بونلار بوردا بئله یاشاماقدا اولسونلار، بو شهرده بیر کولچو وار ایدی، گونده چؤلدن کول چیخاردیب آپاریب بازاردا ساتاردی، گتیریب بیر تهر کولفتین دولاندیراردی.,f6,book3
8190,آرواد نه قدر ائله‌دی، کیشی پول ایله وئرمه‌دی.,f6,book3
8204,امر ائله‌دی بیبیسینی ده، قیزینی دا باغلادیلار بیر دلی قاطیرین قویروغونا، سالدیلار داغا.,f6,book3
8218,گزدی، دولاندی، آخیردا هله چیچیی چیرتلامامیش جاوان بیر قیز آلدی.,f6,book3
8232,هامی دئدی کی، پادشاهین آروادی اؤلر.,f6,book3
8246,وزیر-ووزرا نه قدر ییغیلیب مصلحت گؤردولر، دلیل-دلاییل ائله‌دیلر کی، آی بالام، سنین بؤپ بؤیوک اوغلون وار، مطلب کیمی اوغولون آناسیندان سونرا ائولنمک انصاف دئییل.,f6,book3
8260,من راضی اولمادیم دئیین اوست-باشیمی جیردی.,f6,book3
8274,بونلار بوردا قالماقدا اولسون، سنه کیمدن خبر وئریم، شاهزاده‌دن.,f6,book3
8288,شاهزاده مطلب فیکیرلشدی کی، ائله گئدیم بونا نؤکر اولوم، بیر تهر باشیمی گیرله‌ییم.,f6,book3
8302,باخیب گؤردو کی، بیر گؤزل قیزدی، باشیندا دا بیر خونچا.,f6,book3
8316,آز گئتدیلر، چوخ گئتدیلر، گلیب بیر داغین دیبینه چاتدیلار.,f6,book3
8330,دوردو آیاغا، ائشیتدی کی، آغاسی اونو چاغیریر.,f6,book3
8344,قولاق آسیب گؤردو یوخ، ائله دوغرودان شیققیلتی وار، دئیه‌سن هنیرتی ده وار.,f6,book3
8358,آمّا دئشیک چوخ بالاجا ایدی.,f6,book3
8372,غرض، قاری شاهزاده مطلبی آپاردی ائوه، یئدیرتدی، ایچیرتدی.,f6,book3
8386,غرض، اوغلانلار آنالاری‌نین سودونه آند ایچدیلر، قاری شاهزاده مطلبی چیخاریب گؤرستدی.,f6,book3
8400,مطلب فیکیرلشدی کی، چوخو گئدیب، آزی قالیب، بو گون ده هر باغدا بیر آز گز‌رم، گون تامام اولار، داییلاریم، ننه­م گلر.,f6,book3
8414,شاهزاده مطلب اوّل بیر اِحتیاط ائله‌دی کی، بیردن چیخیب قاچار.,f6,book3
8428,بیری اورا-بورا بیر نظر سالیب دئدی:,f6,book3
8442,ائله اریییب کی، لاپ ائله بیرجه قورو نفسدی، گئدیر، گلیر.,f6,book3
8456,سن گل بو داشی اته‌ییندن تؤک!,f6,book3
8470,آنجاق بؤیوک قیزلار باشلادیلار اونو مذمّت ائله‌مه‌یه کی، سن کئچن دفعه‌‌ ده ائله دئییردین، بوردا بنی-آدم نه قاییریر ؟,f6,book3
8484,گؤردولر کی، او بیری باجیلار اوچوب گئدیب، بو یازیق اؤز ساچیینان بدنینی اؤرتوب اوتوروب اوتون ایچینده.,f6,book3
8498,شاهزاده مطلب بیر آز گؤتور-قوی ائله‌دی، گؤردو قیز هئچ پیس سؤز دئمیر.,f6,book3
8512,شهرین کناریندا گؤردولر بیر قاری اوتوروب یارپیز ییغیر.,f6,book3
8526,– آی قیزیم، شاهزاده مطلب منه بیر شئی وئردی کی، آلا بونو ساخلا، آمّا قیز ایستسه وئرمه!,f6,book3
8540,هئچ فیکرینه گلمه‌دی کی، بئله بیر شئی اولا بیلر.,f6,book3
8554,کیشی بیر دقتینن شاهزاده مطلبه‌‌ باخدی، سوروشدو کی:,f6,book3
8568,غرض، مین انواع اذيّتدن سونرا چیخدی همین دوزنگاها.,f6,book3
8582,آخیردا لاپ قوجا بیر کیشی دئدی کی:,f6,book3
8596,بیر طرفدن بیر کیفیر قارا ایلان، او بیری طرفدن بیر گؤزل آغ ایلان اوز قویدولار مئیدانا.,f6,book3
8610,– ای بنی-آدم، دئ گؤروم، سن منی نییه ووروردون ؟,f6,book3
8624,شاهزاده مطلب گئجه‌نی اوردا قالیب، سحر اوز قویدو گون‌چیخان طرفه گئتمه‌یه.,f6,book3
8638,گزه-گزه گلیب چیخدی بیر بؤیوک دام-داشین قاباغینا.,f6,book3
8652,ایندی تویا کیمی گرک بیر تهر ائله‌ییب بورادان قاچاق.,f6,book3
8666,گؤیدن اوچ آلما دوشدو، بیری منیم، بیری اؤزومون، بیری ده ناغیل دئیه‌نین.,f6,book3
8680,– آی آغا، سن اؤزون بیلیرسن کی، من سنی نه قدر ایسته‌ییرم.,f6,book3
8694,بو سسی ائشیدیب تاجیرین یانینا گلدی، دئدی:,f6,book3
8708,آمّا بونون بیر عیبی وار کی، سویا گیرسه یاتار.,f6,book3
8722,بیردن پادشاهین یادینا دوشدو کی، آخی منیم ایلیاس آدیندا قولوم وار، داش-قاشی تانیییر.,f6,book3
8736,آمّا بو قیزی هئچ کیم گؤرمه‌میشدی، آنجاق آدینی ائشیتمیشدی.,f6,book3
8750,ائله پادشاه ایسته‌ییردی قاییتسین، گؤردو کی، بیر قارالتی گلیر.,f6,book3
8764,وزیر ایسته‌دی سس ائله‌سین، پادشاه دئدی:,f6,book3
8778,قوی گؤرک ایلیاس نئیله‌یه‌جک.,f6,book3
8792,او اؤلوبدو، گئتمیشدیم اونون قبری‌نین اوستونه.,f6,book3
8806,آتلی ائله یئیین گلیردی کی، آتین اوستونده‌کینی گؤرمک مومکون دئییلدی.,f6,book3
8820,– سن نه دانیشیرسان، من پادشاه اوغلویام.,f6,book3
8834,– پادشاه ساغ اولسون، او قیز پادشاه قیزیدی.,f6,book3
8848,قوقوزون یانینا وزیر، وکیل ییغیشیب خبر آلدیلار کی، نه اولوب ؟,f6,book3
8862,– ای درویش، صاندیغی نئچه‌یه دئییرسن ؟,f6,book3
8876,وزیرین لاپ بوغازی‌نین یولو قورودو.,f6,book3
8890,هئچ کیم مونجّیمی توتا بیلمه‌دی.,f6,book3
8904,وزیرین اورگی گئدیب بیر طرفه ییخیلدی، آروادین اورگی گئدیب او بیری طرفه ییخیلدی.,f6,book3
8918,– سیز گئدین، من اوشاق اوغروسونو تاپارام.,f6,book3
8932,نه ایللاه ائله‌دی ناردان خانیمی گؤره بیلمه‌دی.,f6,book3
8946,– وزیر، داها صبر ائله‌یه بیلمیرم.,f6,book3
8960,– کئچل، اگر منیم دردیمه علاج ائله‌سن، سنه قیزیل وئر‌رم، یوخ، هترن-پترن دانیشسان بوینونو ووردورارام.,f6,book3
8974,گؤتوروب وزیرین مئییدینی گئجینن آتدی بازارین اورتاسینا، چیخیب گلدی.,f6,book3
8988,بو طرفدن ده جاماعت شیکایته گلدیلر کی، بس آروادیمیز قیز دوغور، سحری اوغورلاییرلار.,f6,book3
9002,– پادشاه ساغ اولسون، بیر ایل منه مؤهلت وئر!,f6,book3
9016,ناردان خانیم دا اوتوروب قولاق آسیردی.,f6,book3
9030,من سیرّیمی هئچ کیمه دئمه‌ییب اورگیمده ساخلادیغیم اوچون بو کؤکه دوشموشم.,f6,book3
9044,قوقوز پادشاه عرب قیزینی گؤرن کیمی گؤردوم گؤزلری دؤرد اولدو.,f6,book3
9058,زور-گوج عرب قیزینی قوقوز پادشاه اؤزونه آرواد ائله‌دی.,f6,book3
9072,– بیزیم شهرده قیز اوغروسو وار، قیز اوشاغی بو گون آنادان اولور، صاباح اوغورلانیر.,f6,book3
9086,ناردان خانیم ایسته‌دی ماجال ائله‌ییب اوشاغی یئره قویسون، ال آتسین قیلینجا، دالدان یاپیشیب ناردان خانیمین ایکی قولونو مؤحکم ساریییب، گؤتوروب سالدیلار دوستاغا.,f6,book3
9100,جلّادلار ایپی ناردان خانیمین بوغازینا سالان کیمی برک بیر یئل قوپدو، توز، تورپاقدان گؤز-گؤزو گؤرمه‌دی.,f6,book3
9114,بیر گون زرنیگار باغا چیخیب گزیردی، گؤردو کی، آغاجلارین دیبینده جاوان بیر اوغلان یاتیبدی.,f6,book3
9128,بیر او یانا باخدی، بیر بو یانا باخدی، گؤردو کی، هئچ کیم یوخدو، سویونوب گیردی چایا.,f6,book3
9142,دوروب چیخدی باییرا، اؤزون یئتیردی باغا.,f6,book3
9156,ناردان خانیم بئله دئینده زرنیگار دئدی:,f6,book3
9170,ناردان خانیما بیر دست زنن پالتاری وئریب گئییندیرندن سونرا دئدی:,f6,book3
9184,زرنیگار کاغیذی آلیب اوخویوب بیلدی کی، احمد زینداندادی.,f6,book3
9198,ناردان خانیم گلن آدامین بوینونو ووروب سالدی یئره.,f6,book3
9212,ناردان خانیم ییغیب جاماعتی، بو پادشاهین نئجه ظولمکار اولوب بئشیکده‌کی قیز اوشاقلارینی اوغورلاییب قیرماغینی، هامیسینی جاماعتا نقل ائله‌دی.,f6,book3
9226,نیسه چاتیب مئشه‌یه، او کی واردی اودون قیراندان سونرا بؤیوک شله اودون باغلاییب، گؤتوروب قویدو یولون اورتاسینا.,f6,book3
9240,نیسه باشینا گلنی ارینه نقل ائله‌دی.,f6,book3
9254,حسن باشا دوشدو کی، جاماعت آییدان قورخوب قاچیر.,f6,book3
9268,کاشکاش پهلوان پری خانیما وورغون ایدی.,f6,book3
9282,تاختی-تاجین داغیلسین، پری خانیم ایتیبدی.,f6,book3
9296,– پادشاه ساغ اولسون، بندرپوش ماحالیندا بیر پهلوان پئیدا اولوبدو.,f6,book3
9310,وزیری کل حسنین ائوینه آپارماقدا اولسون، آل خبری کل حسندن.,f6,book3
9324,بیر ده گؤردو کی، قاباغیندا نه بویدا بیر آدام دایاندی، اینینده دون، آیاغیندا چاریق.,f6,book3
9338,پادشاه یئتمیش پود پولاددان حسن اوچون پالتار، قیلینج، قالخان دؤیدوردو.,f6,book3
9352,قاری باییرا چیخیب گؤردو کی، قاپیدا بیر ناتاراز آدام دایانیب.,f6,book3
9366,پری خانیم بیر ایل مهلت ایسته‌میشدی کی، آتا-آناسی باشیندان چیخسین.,f6,book3
9380,بو گون بیر ایل تامامدی، هاردا اولسا گلیب چیخار.,f6,book3
9394,کاشکاش کل حسنین بو سؤزونو ائشیدن کیمی چکیب قالخانی باشینا ال آتدی قیلینجا.,f6,book3
9408,بیر آز کئچندن سونرا کل حسن آییلیب گؤردو کی، پری خانیمی آپاریبلار.,f6,book3
9422,بوردا بیر قیرهاقیر سالدی کی، گل گؤر‌سن.,f6,book3
9436,آتین چکدی ایچری، اؤزو ده بیر طرفده دالدالاندی کی، سحر آچیلان کیمی چیخیب گئتسین.,f6,book3
9450,– جان باجی، جئیران جیلدیم یوخدو، اوخشاییر آرامیزدا بنی-انسان وار.,f6,book3
9464,من فیرنگ پادشاهی‌نین قیزی شرفم.,f6,book3
9478,– منیم جانیمی بو بدرنگین الیندن یاخشی قورتاردین.,f6,book3
9492,چاتان کیمی گؤردو کی، قالاچا لای‌بالای آچیقدی.,f6,book3
9506,پری خانیمی دا اؤز اوغلونا آلماق ایسته‌ییردی، دئدی:,f6,book3
9520,کل حسن دوروب گلدی پادشاهین مجلیسینه.,f6,book3
9534,ال آتیب پادشاهلا وزیرین بوغازیندان ائله ووردو یئره کی، تیکلری تازییا چاتمادی.,f6,book3
9548,بؤیوک بیر تاجیر وار ایدی، اونون یاخشی بیر قیزی وار ایدی، سلیم اونا ائلچی گؤندردی.,f6,book3
9562,حامبال اونا دا بیر چای گتیرتدی.,f6,book3
9576,حامبالین آروادی سلیمه تئز بیر دست یاخشی پالتار تیکدی.,f6,book3
9590,یولدا قوجا سلیمدن سوروشدو کی، آشبازلیق بیلیر، یا یوخ.,f6,book3
9604,سلیم تئز بیر آز دویو گؤتوردو، چاپیخ بیر بیر-ایکی چولپا توتدو، بیر یاخشی چیغیرتمالی آش حاضرلادی.,f6,book3
9618,آخیردا بوندان آیریلیب بیر بیز، بیر تبنه تاپیب، بیر-ایکی یوماق ساپ، بیر-ایکی کؤهنه باشماق ییغیب باشلادیم پینه‌چیلییه.,f6,book3
9632,ائله قاپیدان چیخماق ایسته‌ییردیم، بیردن یانیمدا ایکی قارا قول حاضر اولدو.,f6,book3
9646,بیر گون یئنه اوتورموشدوم اؤز دوکانیمدا، قاباغیمدا قلیان، بیر ده دوکانا بیر زنن گیردی.,f6,book3
9660,– اوندا منی یئنه آپار آت دریایا، گئت اونو آل!,f6,book3
9674,سلیمی نؤکر توتان قوجا ایشاره ائله‌دی کی:,f6,book3
9688,اون-اون بیر یاشا چاتاندا آلدیم.,f6,book3
9702,من قیزا هئچ بیر سؤز دئمه‌دیم.,f6,book3
9716,درویش ایسته‌دی بیر آز نم-نوم ائله‌سین، گؤردو یوخ، ایشی بیلیرم، علاجسیز قالیب چیخارتدی، افسون اوخویوب پیله‌دی، ائله‌دی قیز.,f6,book3
9730,سلیم سحر تئزدن دوروب خؤرک حاضرلادی.,f6,book3
9744,تاجیر منی گؤندردی مئشه‌یه کی، بیر آز اودون ییغیم گتیریم.,f6,book3
9758,یوخسا ائله هوپ دئییب آغاجنان برابر اوداردی.,f6,book3
9772,بیردن بیری‌نین گؤزو ساتاشیب منی گؤردو.,f6,book3
9786,بورادا بونلار منی قویدولار یئره، باشلادیلار بو اوتلاردان یولماغا.,f6,book3
9800,آخیر صرّاف منه دئدی کی:,f6,book3
9814,صرّاف منه بیر خنجر ووردو.,f6,book3
9828,بوتون واریمی، یوخومو هامیسینی وئردیم هامان تاجیره، اؤزوم چیخدیم گئتدیم.,f6,book3
9842,بیر آز اطرافی دولاندی، گؤردو باشقا هئچ بیر شئی یوخدو.,f6,book3
9856,بئش ایل بوندان قاباق بیزیم نه قدر کیشی وار ایدی، بیر ناخوشلوق دوشدو، هامیسی قیریلدی.,f6,book3
9870,یاواشجا آلتدان گئیینیب اوستدن قیفیللاندی، اوستدن گئیینیب آلتدان قیفیللاندی، بیر آز پولدان، مالدان گؤتوروب، آستا قاچان نامرددی، توپوردو دابانینا، بیرباش دوزلدی یولا.,f6,book3
9884,آمّا کی، هارا باخیر قارا، کیمی گؤرور قارا، داها لاپ حئیرت اونو گؤتوردو.,f6,book3
9898,بیر آز کئچدی، سلیم بیر ده گؤردو کی، یئکه بیر قوش گؤیدن شیغیدی دوز بونون اوستونه.,f6,book3
9912,نفه‌سین ده لاپ چکدی ایچری.,f6,book3
9926,دی گئت، سن ده بیر دست قارا پالتار آل گئی کی، نییه صبیر ائله‌یه بیلمه‌دین.,f6,book3
9940,بو سؤز سلیمه چوخ آغیر گلدی، گؤزله‌دی، قیز یاتاندان سونرا اوزویو قیزین بارماغیندان چیخاردیب تاخدی اؤز بارماغینا، سیلدی.,f6,book3
9954,– من هامینی قوله­ی قافه آتدیرمیشام، بس سن نئجه قالمیسان ؟,f6,book3
9968,بلی، قوللار جاماعتین هامیسینی گتیردیلر، پادشاهین قیزی اوزویو آلدی، سیلدی، قوللار حاضر اولدو، امر ائله‌دی کی، اوغلانی آتسینلار قوله­ی قافه.,f6,book3
9982,آخیردا روم پادشاهی‌نین اوغلو قوشون چکیب داوا ائله‌میشدی، آنجاق داوا ایله ده زرغووانی آلا بیلمه‌میشدی.,f6,book3
9996,هیند پادشاهی او قدر یانیردی احمدین الیندن کی، او ساعت احمدی سالدی صاندیغین ایچینه، اوسته‌لیک بیر طیلسیم ده اوخویوب دؤندردی توستویه، صاندیغین آغزینی باغلاییب گؤتوردو گلدی عمارتی‌نین دالیندا بیر خرابه یئر وار ایدی، همین خرابه­نین گون‌چیخان الینده بیر درین قویو قازیییب، صاندیغی سالیب قویویا، قویونو دا تورپاقلاییب، چیخیب گئتدی.,f6,book3
10010,پادشاه ایذین وئرندن سونرا، گلیب ائلچی داشی‌نین اوستونده اوتورانی آپاراردیلار پادشاهین یانینا.,f6,book3
10024,آمّا گون‌چیخان طرفده بیر چؤکک یئر وار، نباده او یئره ديَه‌سن.,f6,book3
10038,رضوان آلیب الینه بئلی، باشلادی بو چؤکک یئری بئلله‌مه‌یه.,f6,book3
10052,گرک بو چؤککلیگی قازام، گؤرم بوردا نه وار.,f6,book3
10066,– بیرینجی شرطیم بودو کی، منیم صاندیغا نه اوچون گیرمه‌ییمی خبر آلمایاسان.,f6,book3
10080,هاچاندان-هاچانا دوروب، الینه بئل آلیب، یئری قازماغا باشلادی.,f6,book3
10094,نیسه قورخماییب الینده‌کی کفکیری تولازلادی لاچی‌نین دالینجا.,f6,book3
10108,یئریندن ترپنه بیلمه‌ییب، ییخیلیب قالدی.,f6,book3
10122,نیسه اری رضوانی گؤزله‌دی، گؤردو کی، گلیب چیخمادی، دوروب چیخدی باییرا.,f6,book3
10136,– نیسه، سنین ارین رضوانا چاره اولماز.,f6,book3
10150,بونلار بوردا قالسینلار، سنه خبر وئریم پادشاهدان.,f6,book3
10164,درویش باشلادی جئیرانا پهلوانلیق تربیه‌‌سی وئرمه‌یه.,f6,book3
10178,– فیلان یئرده بیر حکیم وار، او دئییر کی، من پادشاهین قیزی‌نین دردینی تاپارام.,f6,book3
10192,آمّا کی، بیر شرطیم وار.,f6,book3
10206,هاچاندان-هاچانا گؤردو کی، جئیران گلیب چیخدی.,f6,book3
10220,هر کس منیم دالیمجا گلسه، بوینونو ووردوررام.,f6,book3
10234,– سنین رضوان آدیندا بیر باغبانین وار ایدی.,f6,book3
10248,پادشاه جئیرانا بیر دست پهلوان پالتاری، بیر یئریین آت وئریب یولا سالدی.,f6,book3
10262,قاباغیندا مانقال، دیزی‌نین اوسته باتمان کتاب.,f6,book3
10276,ائله کی، سنی اؤلدوره بیلمه‌دی، تئز سنی سالار طیلسیمه.,f6,book3
10290,جئیران بیر مدت یول گئدیب آخیر چیخدی همین قالاچایا.,f6,book3
10304,تئز گیریب ایچری، گؤردو کی، جئیران باشینی قویوب زرغووا خانیمین دیزی‌نین اوسته یاتیب.,f6,book3
10318,تئز بیر طیلسیم اوخویوب گیردی قویویا.,f6,book3
10332,جئیران دیوی اؤلدورن کیمی طیلسیم سیندی.,f6,book3
10346,روم پادشاهی عقلی باشدان وئریب دئدی:,f6,book3
10360,بیر قریب اوغلان بیر زنن خئیلاغی ایله گلیب دوشموشدولر کاروانسارایا.,f6,book3
10374,– کیمی ایسته‌ییرسینیز اؤزونوزه پادشاه تیکین!,f6,book3
10388,بیلدی کی، اوخ اونا هانسی طرفدن ديَیب.,f6,book3
10402,بو قارداشلارین ایکیسی ده تاجیر ایدیلر.,f6,book3
10416,گزیب-گزیب آخیردا گلیب بیر بولاغین باشیندا دوشدولر.,f6,book3
10430,احمدین بیر دنه اوغلو، محمّدین بیر دنه قیزی اولدو.,f6,book3
10444,بو منوال ایله ابراهیم بؤیویوب چاتدی اون سککیز یاشینا.,f6,book3
10458,آناسی دا بیر نامه یازیب وئردی کی، وئرسین عمیسینه.,f6,book3
10472,بو بار‌ده من رحمتلیک قارداشیمنان بدبخت اولموشام.,f6,book3
10486,ائله ایشی بئله گؤرجک دوز قاییتدی گئری.,f6,book3
10500,ابراهیم توققانی آلیب بئلینه باغلاییب آخیرینجی دفعه‌‌ اونونلا گؤروشوب دوشدو یولا.,f6,book3
10514,دیو ابراهیمی حالایلاییب توتدو چییینلریندن، ووردو او یانا، بو یانا.,f6,book3
10528,ائله همین گئجه‌نین واختی ایدی، بیر ده گؤردو کی، یئر، گؤی تیتره‌دی، بودو بیر دیو گلیر، اؤزونون ده اوچ باشی.,f6,book3
10542,گؤردو یوخ، داها واخت کئچدی، گلن اولمادی، آرخایینلاشیب اوز قویدو بولاغا طرف کی، بیر یویونوب گئتسین عمیسی قیزی‌نین یانینا.,f6,book3
10556,باخیب گؤردو کی، ابراهیم بوردا یوخدو.,f6,book3
10570,قفله-قاطیر یوکلندی، نؤکرلردن بیری گلیب گیردی ابراهیمین چادیرینا.,f6,book3
10584,داها دونیادا باشینا قیز قحط ایدی ؟,f6,book3
10598,سحر قیز یئریندن دوردو، یئنه گؤزلرینی باغلادی، چایدان-زاددان ایچدی، چاغیردی نؤکری کی:,f6,book3
10612,باخدی کی، بورادا لاپ کناردا قوبونون اوستونده بالاجا بیر داخما وار.,f6,book3
10626,آنجاق من سنه اونون طیلسیمینی اؤیر‌د‌رم.,f6,book3
10640,اگر سالدین تییان سؤنه‌جک، یوخ، اگر سالا بیلمه‌دین، عفریته سنی ده توتوب آتاجاق همین تییانا.,f6,book3
10654,گلیب چاتدی ابراهیمین دوکانی‌نین قاباغینا.,f6,book3
10668,بیر چوخ فیکیر-خیالدان سونرا گلیب گیردی قیزین اوتاغینا، گؤردو کی، قیز ایلشیب، آمّا دوغرودان دا هئچ اؤزوندن قالان قیز دئییل.,f6,book3
10682,بلی، نئجه کی، بیز دانیشمیشدیق، ائله‌جه آچیب بوتون احوالاتی قیزا دانیشدی.,f6,book3
10696,بیلدی کی، بلی، قاری‌نین دئدیگی یئره گلیب چیخیب.,f6,book3
10710,باخیب گؤردو کی، آشاغیدا بیر دنه قیپقیرمیزی قان کیمی آلما وار.,f6,book3
10724,گؤزلرین یوموب قولاقلارین شکله‌دی کی، گؤرک نه واخت منی بورادان سالاجاق یئره.,f6,book3
10738,بو منوال ایله نه قدر یول گئتدیلر ابراهیم بیلمه‌دی، بیر واخت عفریته دئدی:,f6,book3
10752,آخیردا اؤزونو ساخلایا بیلمه‌ییب سوروشدو:,f6,book3
10766,سن دئمه عمیم قیزی ایشی بیلیر، دورور آیاغا، وزنده یونگول، قیمتده آغیر شئیلردن گؤتورور، بیر هئیبه دولدوروب گئجه ایله بیر آتا مینیب دوشور دالیما.,f6,book3
10780,سئوینجک آیاغا قالخدیم کی، گؤتوروب قاچام.,f6,book3
10794,ائله آیاغا دورماق ایسته‌ییردیم کی، اونا بیر نئچه سؤز دئیم، بلکه یولا گلدی، بیر ده گؤردوم عمیم قیزی ایسته‌ییر هارای سالیب منی اؤلدورتدوره.,f6,book3
10808,بلی، دوردو آیاغا، گئتدی، نئجه کی، قایدادی ائلچیلییه.,f6,book3
10822,من ائله دوغروسو بیر آز پریشان اولدوم کی:,f6,book3
10836,– قورخما، گل سنین کؤمکلیگینه او آغ دیوین جانی منیم الیمده‌دی.,f6,book3
10850,ائله ابراهیم اوتاغا گیرجک دیو اویاندی.,f6,book3
10864,ابراهیم قیزلارین ایکیسینی ده گؤتوروب گلدی قویونون آغزینا.,f6,book3
10878,قیزی اوچون خان آرشینی ائنلییینده قالین دیوارلی ائو تیکدیرمیشدی.,f6,book3
10892,ملک خانیم ال آتدی، موجرونو گؤتوروب قویدو یئره.,f6,book3
10906,قولون دیلی-آغزی توتولوب آغاج یارپاغی کیمی اسمه‌یه باشلادی.,f6,book3
10920,– ای حرامزادا، آند ایچ کی، نه دئسم، اونا دا جاواب وئره‌جکسن.,f6,book3
10934,قول ملک خانیمنان تا او واختا قدر دیزدیزه اوتوردو کی، ملک خانیم خؤرگینی یئییب قورتاردی.,f6,book3
10948,صنوبر خانیم مندن اوزومو آلاندا، یئنه الیم الینه توخوندو.,f6,book3
10962,پهلوانلارینی چاغیریب بئله شرط قویدو کی، کیم فیرنگ پادشاهی‌نین اوغلونون قوشونونو سینیق چیخارتدی، قیزیم صنوبری اونا وئره‌جیم.,f6,book3
10976,صنوبری گؤرن کیمی عاغلی الدن وئریر.,f6,book3
10990,قارا وزیر صنوبر ایله کبینسیز، تالاقسیز موراد حاصیل ائله‌دی.,f6,book3
11009,ایندی گرک منّن باش بیرلیک ائله‌یه‌سن.,f6,book4
11023,لالا ایله نرگیز چؤله اوز قویدولار.,f6,book4
11037,دئو گؤردو قیز قورخور، باشی اوستونه گلدی، دئدی:,f6,book4
11051,آمّا بیر بیشمیش قوش باشی وار.,f6,book4
11065,چوخ گؤتور-قویدان سورا لالا پادشاه اولدو.,f6,book4
11079,لالا پادشاه وزیرنن گلدی گؤردو، دوغرودان دا اژدها اؤلدورولوب.,f6,book4
11093,او طرفدن قاپیچی پادشاها سؤز وئریب:,f6,book4
11107,منیم بئلیمه ایپ باغلاییب آتین لاخانین آغزینا، هاواخت بیر خئیلی کئچمیش قانلی کؤپوک سویون اوزونه چیخدی، اوندا بیلین کی، لاخئیی اؤلدورموشم.,f6,book4
11121,نرگیز خبر آلدی کی، بو گولو کیم اوچون ییغیرسان ؟,f6,book4
11135,لالا پادشاه قیرمیزی گئییندی، تاختا چیخدی.,f6,book4
11149,نامرد ده مردنن بیر یئرده چؤرگینی یئییردی.,f6,book4
11163,نامرد چیخیب گئتمکده اولسون، خبری سنه کیمدن وئریم مرددن.,f6,book4
11177,نه قدر ائلیییرم، چوبانین قویونلارینا یاخین دوروم، تولانین قورخوسوندان هئچ بیر ایش گؤره بولمیرم.,f6,book4
11191,نامرد مردین گؤزلرینی چیخاردیب اونا چؤرک وئردی.,f6,book4
11205,سیچان گؤردو کی، مرد بونا داش طوللادی.,f6,book4
11219,– آ کیشی، یازیقسان، بیر بئله حکیملر گلیب هئچ بیری علاج ائله­میییب، ایندی سنی ده اؤلدوروب یوللایارلار او بیرلری‌نین یانینا.,f6,book4
11233,دوز یئددی گون فقیر-فوقرالارا یئمک پایلادیلار.,f6,book4
11247,قورت گؤردو کی، تولکو سیمسیریخین ساللاییب.,f6,book4
11261,بو آیینین دا داغین کاهاسیندا بیر ائوی واریدی.,f6,book4
11275,بو هانکی اوشاقنان دالاشیردی، چکیب قولون-قیچین سیندیریردی.,f6,book4
11289,آناسی دویو آرتداییردی، بو دا آتی هؤروهله‌دی، بوراخدی بیر چمنه.,f6,book4
11303,قاپینی آجدی، گیردی ایچری گؤردو بوردا بیر زنن اوتوروب.,f6,book4
11317,دئو ده بیر داغین داشیندا دوروب باخیردی.,f6,book4
11331,ایسکندر آتی مینیب یاواش-یاواش گئتدی.,f6,book4
11345,بلی، هئیبه‌نی آشیردی آتین اوسته، یاواش-یاواش سوردو.,f6,book4
11359,پیچاغی گؤتوروب ایسکندرین ایکی گؤزونو ده چیخارتدی.,f6,book4
11373,بیر گون اوتورموشدولار، گؤردولر کی، اوچ گؤیرچین گلدی، قوندو همن آغاجین باشینا.,f6,book4
11387,– الله عشقینه، او اوخ-یایی وئر منه.,f6,book4
11401,– یقین آتانیزین باشی حؤکومت ایشلرینه قاریشمیش، سیز ده یادیندان چیخمیسینیز.,f6,book4
11415,گئجه‌نین بیر وقتینده قیز باخیب گؤرور کی، کولون دیبیندن بیر ایلان چیخدی.,f6,book4
11429,آخشام اولاندا پادیشاه آروادی ایله کیچیک قیزلارینی گؤرمه‌یه گلیرلر.,f6,book4
11443,تامام یئددی ایل شهرلری، ویلایتلری و صحرالاری دولانیب شمسی قمردن بیر سوراق تاپا بیلمه‌ییر.,f6,book4
11457,– آغلاما، واختا آز قالمیش دور قاطیرلاری دا گؤتور، گئت مئشه‌یه.,f6,book4
11471,ملیک جمیلین حِکایه‌‌سی بیری وار ایمیش، بیر یوخ ایمیش.,f6,book4
11485,مهتر آتی آپاریب خلوت بیر طؤولده ساخلاییر.,f6,book4
11499,ملیک احمد ایله ملیک جمشید ده آتلارینی مینیب بورادا حاضیر اولدولار.,f6,book4
11513,گئجه آرایا گلنده ملیک جمیل قارداشلارینا دئییر:,f6,book4
11527,بیر مدت دولاندیقدان سورا گلیب بیر باغا یئتیشدی.,f6,book4
11541,مئشه‌یه یاخینلاشاندا باجیسی باخیب گؤرور کی، بیر آتلی گلیر.,f6,book4
11555,اؤزو ده ائشیگه چیخیب، چکمه‌لرینی کول ایله دولدوروب باجادان ساللاییب قاچیر.,f6,book4
11569,بو قان دامجیسی بونا دئییر کی، منی گؤتور جیبینه قوی، بیر واخت اولار کی، سانا لازیم اولارام.,f6,book4
11583,او واختا کیمی گلمییه‌جییک کی، سنین اوشاغین اولسون.,f6,book4
11597,بیر گؤی، صفالی، سولو یئرده چادیر قوردولار، گئنه اووچولوغا باشلادیلار.,f6,book4
11611,قارداشلاری‌نین نئجه اولماسینی آناسیندان سوروشدو.,f6,book4
11625,صاباح اولاندا بو سیرّی بیلمک اوچون بیری ائوده قالدی.,f6,book4
11639,اوشاقلیغینا باخمایاراق، بالاغینی بئلینه ووروب، بیر ائو دامینا گیردی.,f6,book4
11653,دئو گؤردو آسانلیقلا اونو اله گتیره بیلمه‌یه‌جک، بیجلیکنن دئدی:,f6,book4
11667,ناردان­خاتونون قارنی قالخیب بورنونا ديَه‌سی اولدو.,f6,book4
11681,ناردان­خاتون بیر گون اوغلونو دا گؤتوروب قارداشلاری اولان یئره گلدی.,f6,book4
11695,بو قوجانین اوچ قیزی وار ایدی.,f6,book4
11709,پادشاها خبر چاتدی کی، آروادین بیر کوچوک دوغوبدور.,f6,book4
11723,گئت، بو ساعت اونون باشینی باتیر!,f6,book4
11737,اؤزونن باشقا بیر دئو ده گؤتوروب گلیب.,f6,book4
11751,دونیا گؤز‌لی گولسوز یاتمیش ایدی.,f6,book4
11765,پادشاها خبر گئتدی کی، بیر نفر اوغلان اوچ دنه دئو بازارا دوشوب عالمی ویران ائتدی.,f6,book4
11779,پادشاه بونا چوخ تعجب ائله‌دی.,f6,book4
11793,اون نفری بیر آرواددان، بیریسی باشقا آرواددان.,f6,book4
11807,سورا بیر قالایا راست گله‌جکسینیز، اورادا قالمایین.,f6,book4
11821,بیر مدت گئتدیکدن سورا آتالاری خبر وئردیگی قالایا یئتیشدیلر.,f6,book4
11835,موختار بو خبری ائشیتدیکده قوجادان خواهیش ائدیر کی، اونو قوش اولان یئره آپارسین.,f6,book4
11849,گلیب وزیر یاتدیغی اوتاغا داخیل اولور.,f6,book4
11863,اودور کی، موختار زینداندان چیخاریب اونا دئییر:,f6,book4
11877,ایندی بو دفعه‌‌ اونا رحم ائتمه‌ییب اؤلدوررسن و اوزویو منه گتیررسن.,f6,book4
11891,بو خبری ائشیدن کیمی پیشوازه چیخیب موختاری قصرینه گؤتوروب توی ائدیب عیش-عشرته مشغول اولدولار.,f6,book4
11905,– برخوردار، داها دورماق واختی دئییلدیر، حاضیرلاش گئدک.,f6,book4
11919,عمارتین قاباغیندان کئچنده گؤزو الینده لعل داشینی اوینادان اولکره دوشدو.,f6,book4
11933,پادشاهین فیکری بو ایدی کی، اوغلان گئتسین، دئولر تلف ائله‌سین، قیز بونا قالسین.,f6,book4
11947,ایچری گیردی، گؤردو بیر قیزیل تاخت قویولوب.,f6,book4
11961,– ای اوغلان، سن کیمسن، بورایا نییه گلیبسن ؟,f6,book4
11975,دئدی کی، وزیر چاره ائله اؤلدوم.,f6,book4
11989,هامی گلدی، برخوردار احوالاتی باشدان-باشا ناغیل ائله‌دی.,f6,book4
12003,پادشاه وزیر-وکیلی ایله گلیب، یئییب-ایچدی، دوروب گئدنده سوروشدو کی، قیزیم، بو دؤولت، بو جلال سنین اوچون هارادان ؟,f6,book4
12017,– یاخشیسی بودور کی، اونو بیر یاساق آداما وئر، گئتسین آجیندان اؤلسون.,f6,book4
12031,گنه صاباح گلیب قاطیرلارا باخماغی تاپشیریر، بیر نئچه گون بئله داوام ائدیر.,f6,book4
12045,دیو یئنه احمده بیر نار باغیشلادی.,f6,book4
12059,ابراهیم باخدی، گؤردو اوزاخدا بیر ایشیق گلیر، دئدی:,f6,book4
12073,گؤردو هاوا آلاتوردو، تا سحر آچیلیر.,f6,book4
12087,قیز گؤردو کی، دَ‌ییرمانچی‌نین فیکری باشقا یئرده‌دیر، الینه قاب آلماق بهانه‌سییله چیخدی چؤله، قاچدی.,f6,book4
12101,گئتدیلر مئیدانا، بو دا چکیلیب بیر طرفدن دورموشدو.,f6,book4
12115,دَ‌ییرمانچی دا بیر دست درویش لیباسی آلیب دوشدو یولا.,f6,book4
12129,اونون صاباحی گونو جوتچو گلدی چیخدی.,f6,book4
12143,دئدیم کی، هره‌نیز بیر قریبه شئی قاییرین منه.,f6,book4
12157,گلدیم بیر دمیرچیدن اود گؤتوردوم؛ آپاراندا اوددان قیغیلجیم دوشور آتین پوچونه، آلیشیب یانیر.,f6,book4
12171,قوینون قارنین دا بوشالتدی، گئیدی باشینا.,f6,book4
12185,بیر پینه‌چی محمّد واردی.,f6,book4
12199,– من ده تله‌سییرم، اوننان گؤروشه‌سییدیم، تا مال گئدیر دایانا بیلمیرم.,f6,book4
12213,هئچ او یئمیی بیلمیر کی، نه تهر یئیرلر.,f6,book4
12227,– اونا دا چؤرک وئر، باغلیییم دسدرخانیما، گؤتوروم چیخیم گئدیم.,f6,book4
12241,سؤودگرلر ییغیشدی بونون باشینا کی، صمد سؤودگر بو کیمدیر ؟,f6,book4
12255,بو سس گئتدی چاتدی پادشاها کی، صمد سؤودگرین قارداشی محمّد سؤودگر هر فقیره بیر کیسه قیزیل وئردی.,f6,book4
12269,آخیر بیر گون قیزنان چؤرک یئییردیلر.,f6,book4
12283,جوتچو ده تاپشیردی کی، اؤکوزلره ال وورما.,f6,book4
12297,– قوجا بیر ایگیرمی دنه آت، دوه، قاطیر حاضیر ائله.,f6,book4
12311,قیز باخدی گؤردو محمّدین بارماغیندا بیر اوزوک وار.,f6,book4
12325,هم قیزین آلارام، هم ده یئرینده پادشاهلیق ائلرم، هم ده بیر بئله مالا-دؤولته صاحب اولارام.,f6,book4
12339,ییغیشدیلار آغ‌ساققاللار، قاراساققاللار پادشاه کیمی تیکک، کیمی تیکمییک، دئدیلر محمّد سؤودگری یئرینده پادشاه تیکک.,f6,book4
12353,– اشی، رمدارلیغی اؤیراندین اؤیراندین، اؤیرنمدین، سنده اوتورمایاجاغام.,f6,book4
12367,بو لوطولارین بیری گلدی باجایا چیخدی.,f6,book4
12381,بولار سویوشوب قاچدیلار، گلدیلر، دئدیلر کی، ائله بیز گئدیب چاتان کیمی دئدی:,f6,book4
12395,– پادشاه ساغ اولسون، اودو خزینه فیلان یئرده، فیلان ائوین اوچوغوندا.,f6,book4
12409,پادشاه بو کیشینی آپاریب بونا خلعت، بخشیش وئردی.,f6,book4
12423,آخی بو هئچ بیر شئی بیلمیردی، یالاننان دئییردی، ائله آغزینا گلدی، دئدی.,f6,book4
12437,خانپری گوپپولتو ایله دوشدو قویونون دیبونه.,f6,book4
12451,پادشاه دا بیر گؤزل آتا میندیردی بونو یولا سالدی.,f6,book4
12465,فیلان سؤودگرین قیزی‌نین دا بوغازینا ایلان دولاشیب.,f6,book4
12479,قضادان او گئجه پادشاه شهری دولانیرمیش.,f6,book4
12493,کنیزلر ایسه آند ایچیب خبرلری اولمادیغینی قیزا سؤیله‌ییب اونو ایناندیریرلار.,f6,book4
12507,اوندا اونلار گؤتوروب بیر سوغان قویاجاقلار، یعنی آرامیزا آجیلیق دوشر، اوندا سن ده بیر قیلینج قویارسان یعنی دعوا ائدرسن.,f6,book4
12521,راضی اولارسا، اوندا آتی بو طؤوله‌یه سالیب، یانلارینا بیر مادیان بوراخارسان و سورا مادیانین جیلوووندان توتوب طؤوله‌دن چیخارارسان، اوندا ائرکک آتلار دا اونون دالینجان گله‌جکلر.,f6,book4
12535,اوغلان گئنه ده اوّلکی جوابی وئریر.,f6,book4
12549,اوغلان قیز دئدیگی کیمی ائدیب پادشاهی ساکیت ائدیر.,f6,book4
12563,– اوغول، داها اوخویوب درسینیزی قورتاردینیز، ائله من ده قوجالمیشام.,f6,book4
12577,– بؤیوک قارداشیم دورا-دورا من پادشاهلیغی قبول ائله‌مرم.,f6,book4
12591,گلیب یئتیشدیلر بیر اؤزگه پادشاهین ویلایتینه.,f6,book4
12605,– یاخشی، آشبازدان عمله گلمیش بیجدن داها بوندان آرتیق نه گؤز‌له‌مک اولار کی ؟,f6,book4
12619,ائله چپیندن همن اوتلاقدا بیزیم، اوزدن ایراق، ایتیمیز ده قانجیقلامیشدی.,f6,book4
12633,بلکه ائله بو دا دوزدو، اولدو اولدو دا.,f6,book4
12647,گلیب گیزلینجه منه دئدی کی، بو گئجه آشبازین بیر اوغلو اولوب، گل اوشاقلاری اونونلا ديَیشدیرک.,f6,book4
12661,– یاخشی، هله سن هاردان بیلدین کی، شراب انسان قانیدی ؟,f6,book4
12675,اؤولاد قیسمیندن یاخشی بیر قیزیم وار.,f6,book4
12689,– یقین کی، سن بو شهره تزه گلمیسن ؟,f6,book4
12703,پادشاه چوخ راضیلیقلا اونو قبول ائله‌دی.,f6,book4
12717,نازَنین مخمر دؤشه‌یین اوستوندن قالخیب سود کیمی، آیاقلارینی فرشین اوستونه باسا-باسا اوغلانا طرف گلمه‌یه باشلادی.,f6,book4
12731,بو واختی بیر ده نه گؤردو ؟,f6,book4
12745,من ده الیمده‌کی قیلینجلا باشین بدنیندن آییریب، یئر اوزونو بئلنچیک ناکسلردن تمیزله‌ییردیم.,f6,book4
12759,پادشاه اونو کیمه وئرمک ایسته‌ییبسه قیز گئتمه‌ییب، اونا گؤره ده پادشاه اونو دده‌‌ مالیندان محروم ائله‌ییب، ائویندن قوووب.,f6,book4
12773,صاباحیسی گئدیب پادشاها معلوم ائله‌دی کی، من بو گون طیلسیمی سیندیراجاغام.,f6,book4
12787,قیز دوشدو، گلدی آتاسی‌نین برابرینه.,f6,book4
12801,اودو کی، من ده بیر قوجا تاپیب اونون مصلحتیینن طیلسیمی سیندیردیم.,f6,book4
12815,– من اوندا قصداً ائله ائله‌دیم کی، سیز چیخیب، گئدیب اؤزونوزه چؤرک آختاراسینیز.,f6,book4
12829,– چوخ گؤزل باغدی، آمّا حئییف کی، سلیمان عرب آت بو باغین ایچینده دئییل.,f6,book4
12843,اوغلانلار آتالاری‌نین الیندن اؤپوب آتلارینی مینیب، اؤپوشوب آیریلدیلار.,f6,book4
12857,اوغلان هر شئیی اوندان اؤیره‌نیب سحر آتی میندی.,f6,book4
12871,دره‌دن چیخاندا گؤی گورولدادی، سومسوروک اوینادی، بیر گورولتو قوپدو کی، حامله آرواد اولسا، قورخودان اوشاق سالاردی.,f6,book4
12885,– آی آت، سلیمان پیغمبر عشقینه دایان!,f6,book4
12899,اوغلان اونون بورجونو وئریب آشبازدان آلدی، شهردن ده اونا بیر آت آلدی، سورا دا لازیم اولان باشقا شئیلر آلیب شهرین قیراغینا گلدیلر.,f6,book4
12913,– قارداش، بو قیزی کی، گؤرورسن، بو بول بولقئییس خانیمدی.,f6,book4
12927,سن منی ییخا بیلسن، اختیار سنیندی، نه ایسته‌ییرسن ائله، من سنی ییخدیم باشینی کسه‌جه‌یم.,f6,book4
12941,سحر تئزدن بوتون قفله-قاطیری یوکله‌ییب حاضیرلادیلار.,f6,book4
12955,آت همیشه بئله ائله‌ییردی، گئجه‌لر ده قویونون باشیندا یاتیردی.,f6,book4
12969,اوغلان اونون گوجونو بیلیردی، بیلیردی کی، اونو ییخماق بونون خؤرگی دئییل.,f6,book4
12983,اوغلان بیر او یانا چاپدی، بیر بو یانا چاپدی، بیر مهمیزده بوتون چاپیشانلاری کئچدی.,f6,book4
12997,– وای کؤپک اوغلو، آمّا حئییف کی، من گئتمه‌میشدیم گؤرم.,f6,book4
13011,به-به، کئچمه بو باغین لذّتیندن.,f6,book4
13025,بو تولکو ده او قدر کؤکلدی، دا نتهر.,f6,book4
13039,– حاضیر اول، پادشاهین قیزین سنه آلیرام.,f6,book4
13053,پادشاها خبر آپاردیلار کی، تولکو گئنه گلیب ائلچی داشی‌نین اوستونده اوتوروب.,f6,book4
13067,بیر ده اورتالیغا آش قویولاندا الینی اوزادیب باشیننان سوموک گؤتور‌سن ؟,f6,book4
13081,پادشاه جماعتی ییغدی، بوردا شیرنی ایچدیلر.,f6,book4
13095,آرمود بو بیر گون اووا چیخمیشدی.,f6,book4
13109,– اوین داغیلماسین، بودو تولکو دئوی گتیریر.,f6,book4
13123,بیر آز کئچندن سورا جیک-جیک خانیم بیر او یانا-بیر بو یانا اوچوب دئدی:,f6,book4
13137,سن اؤزون چؤرگی وئردین کی، یئ، من ده یئدیم.,f6,book4
13151,پادشاه دا بیر باشینا دؤیوب، بیر گؤزونه دؤیوب، قالدی آغلایا-آغلایا.,f6,book4
13165,بو زمان بیر جاناوار گلدی چیخدی بورا، باشین قالخیزدی گؤردو بیر کئچیدی، بیر قویوندو، بیر ده بیر دانادی.,f6,book4
13179,– ائله بونو الله بؤلور داینا، دا من نَیه بؤلجییم.,f6,book4
13193,صفر کیشی‌نین پئشه‌سی چؤلدن بییان چیخاردیب ساتیب کولفتینی دولاندیرماق ایدی.,f6,book4
13207,قیزیل ایلان گلدی، سودو ایچدی، قابا گئنه بیر لعل سالدی، گئتدی.,f6,book4
13221,قیرخ گون تامام اولدو صفر کیشی سفردن قاییتدی.,f6,book4
13235,بو اوشاق او قدر بالاجا ایمیش کی، بونا جیرتدان دییرلرمیش.,f6,book4
13249,بیر خئیلی یول گئتدیکدن سورا آخشام اولور، قارانلیق قووشاندا یولو آزیرلار.,f6,book4
13263,– چونکی هر گئجه آناسی گئدیب چایدان اونا خلبیرده سو گتیرردی.,f6,book4
13277,بیر گون آرواد اریندن قونشو آروادلارینا شیکایت ائدیردی.,f6,book4
13291,بیر آز کئچیر، بونون یانینا بیر دئو گلیر، کاغیذی آلیب اوخویاندا تعجب ائدیر کی، بو نئجه آدامدیر کی، قیرخ دئوین باشینی بیردن ازیر.,f6,book4
13305,دئو اونو دالینا آلیب یولا دوشور.,f6,book4
13319,اودور کی، تولوغو گؤتوروب ایچینه بیر آز سو قویوب قاییدیر دئولره چاتاندا تولوقداکی سویو تؤکمه‌یه باشلاییر.,f6,book4
13333,گئجه دئولر بیر دَ‌ییرمان داشی تاپیب گتیریب هاخنزر گومان ائدیب کؤتویون اوسته سالیب قاچیرلار.,f6,book4
13347,ایکی قارداش واردی، بؤیوک قارداشین آدی صالح، کیچیک قارداشین آدی واله.,f6,book4
13361,تاجیر گؤردو کی، بو ائله مسلمان آدامدی کی، چوخ دا یاخشی آل‌وئر‌ ائله‌ییر.,f6,book4
13375,– من نه بیلیم، گؤر نئجه اولاجاق ؟,f6,book4
13389,تاجیر سحر بیر نئچه نؤکر ده توتدو بونون یانینا.,f6,book4
13403,– دونیادی داینا، بلکه طمع آرتیخلیخ ائلیییب لعلی وئرمیییب.,f6,book4
13417,گلنده صالح سؤودگره بیر لعل وئریب کی، بونو آپار وئر منیم کولفتیمه.,f6,book4
13431,یاواش-یاواش گلدیلر کئچه‌لین قوللوغونا.,f6,book4
13445,بو دا لعل گؤرمه‌میشدی، دئدی:,f6,book4
13459,آمّا ایندی ووردورورام کی، منیم شهریمده بیر ده بئله ایش اولماسین.,f6,book4
13473,ایغوال زمین اولدو، بیزیمکی ده بئله دوشدو.,f6,book4
13487,اوستا عبدالله کیسه‌نی قویوب هؤردو.,f6,book4
13501,پادشاهینان وکیل گؤزله‌دیلر، گؤردولر گلمه‌دی.,f6,book4
13515,اوندا قاپی آچیلدی، ایکی الی آغاجلی آدام ایچری گیریب باشلادی پادشاهی دؤیمه‌یه:,f6,book4
13529,دیلنچی فیکیر ائدیر کی، یقین بوندا بیر ایش وار.,f6,book4
13543,بو سؤزلری دئییب آرواد ائوه یویوروب، نه قدر قیزیل-گوموش وار ایدیسه، گؤتوروب کیشییه وئریر.,f6,book4
13557,سنی گؤرسه باشینی کسه‌جک، تئز دور بو قویویا گیر.,f6,book4
13571,باخدیم گؤردوم کی، بو جیزداق قورتاراسی دئییلدیر.,f6,book4
13585,– آی کیشی، الله­دان گیزلین دئییل، بند‌دن نه گیزلین.,f6,book4
13599,بیر گون کیشی ائوه چوخلو قیزیل گتیرمیشدی.,f6,book4
13613,– چیتلری توز-تورپاق باسمیشدی، هامیسینی یویوب سردیم.,f6,book4
13627,– اشی بیزیم ده بیر سویوموز یوخدو، گل گئدک مکّه‌یه زیارت ائلییک.,f6,book4
13641,– آند اولسون الله­ا، بیر آز اویان-بویان ائلییرسن، بوینونو ووردورارام.,f6,book4
13655,قاییتدی سو قویدو، بو آروادی یودو، چیمیزدیردی، پالتارین یودو.,f6,book4
13669,بو شهردن او شهره قیزی گزیردی.,f6,book4
13683,واخت اولدو، آی اؤتدو، ایل دولاندی.,f6,book4
13697,– منیم اریم درویشدی، اونا بیر دست درویش پالتاری وئررسن.,f6,book4
13711,بیر گون ده گؤردو کی، چوبان درویش-لیباس گلیر.,f6,book4
13725,– نه دئسن، عمل ائلیریک، آغا درویش.,f6,book4
13739,چوبان بونون او اوزونن، بو اوزونن اؤپدو:,f6,book4
13753,بوننان سوروشدو کی، نییه بوردا اوتورموسان ؟,f6,book4
13767,ایندی باخ، پادشاه ساغ اولسون، او سنین وزیرین، بو چوبان، بو دا منیم اریم.,f6,book4
13781,کئچل چؤرگی، قاتیغی گؤتوروب دارغانین خیرمان یولونا تؤکولن آلما قابیقلارینی گؤتوروب اؤز خیرمانلاری‌نین یولونا توکدو.,f6,book4
13795,بیر-ایکی تیکه بیزنن چؤرک یئسین.,f6,book4
13809,کئچل داییسیننان برابر باسیب شیرین-شیرین پلوو یئدیلر.,f6,book4
13823,قونشولاردان بورج-خرج ائله‌دیم، قویمادیم سن بورادا آج قالاسان.,f6,book4
13837,آرواد بوش قابلاری گؤتوروب دئیینه-دئیینه ائولرینه گلدی.,f6,book4
13851,باشینا بیر داش سالدیم، کونجد‌کی قارپیز کیمی، باشی ائله داغیلدی کی، سوددو آش کیمی، گؤزلری ایشیلداماغا باشلادی، کیسه‌دکی اویناش کیمی.,f6,book4
13865,بو کیشی بیر بالاجا دا درویشلیی بیلیردی.,f6,book4
13879,بو خونچئینان بوشقابی گؤتوردولر، قویدولار بونون هئیبه‌سینه.,f6,book4
13893,گلدی شاه عباسین قاپیسیندا قصید‌‌‌نی باشلادی، اوخودو قورتاردی.,f6,book4
13907,دوردولار گئتدیلر همن شهره، همن کوچئینن گئتدیلر، گؤردولر همن اوغلاندی، پارچانی تؤکوب آلین بیر طرفه، قوماشین بیر طرفه.,f6,book4
13921,صؤحبتدن سورا ایکی آلما چیخارتدی، دئدی:,f6,book4
13935,گتیر، پرده‌ عصمتده بیر قیزین وار.,f6,book4
13949,بو ابولقاسیمین دا بیرجه باجیسییدی، بیر آناسییدی، بیر ده اؤزو، دا هئچ بیر کیمسه‌سی یوخدو.,f6,book4
13963,او یانا-بویانا باخدیلار، گؤردولر بودی، ابولقاسیم گیریب چارمیخا.,f6,book4
13977,قیز گلدی بیله‌یین چیرما‌دی، بیر قازان خؤرک قاییردی، ایچینه بیهوشداری توکدو.,f6,book4
13991,– بوراجان بیز گلمیشیک، هئچ بیلمیرم ابولقاسیم دا نتهر آدامدی، باری او گلسین قاباغیمیزا.,f6,book4
14005,قیزینا دا نه قدر ائله‌دیم، دئدی، خئیر، ساچیمین بیرین آغ، او بیرین قارا هؤروب، آناباجیسیینان اوتوروب، اونون یاسین ساخلییاجاغام.,f6,book4
14019,آخشام شهره جار چاغیرتدیردی کی، بیر آدام یاغ آلا، دویو آلا، بوینو وورولاجاق.,f6,book4
14033,شاه عباس بیر آز دقت ائله‌دی گؤردو، خئیر، ابولقاسیمدی.,f6,book4
14047,سحر آچیلدی، قوشونو جمع ائله‌دی، گؤندردی همن پادشاهین اوستونه.,f6,book4
14061,– اشی، گلسنه، بو چایا بیر کؤرپو سالاخ!,f6,book4
14075,شاه عباس باخدی گؤردو بو چوخ بیلیکلی، عاغیللی، کماللی، معریفتدی بیر قیزدی.,f6,book4
14089,بو قیزی آلدی، اون گون بوردا قالدی، بیر گون دئدی:,f6,book4
14103,آناسی گؤردو، خئیر، ابراهیم دورمویاجاخ، دئدی:,f6,book4
14117,ائله خؤرکلر بیشیریردی کی، عطیرینن عالم دویوردو.,f6,book4
14131,– اوندا، بو اولمادی، سن چیخ گئت!,f6,book4
14145,خانیم بونا یئر گؤستردی، اوتوردولار باشلادیلار صؤحبته.,f6,book4
14159,یولدا شاه عباس وزیر الله­وئردی خانا دئدی:,f6,book4
14173,بیری منیم، بیری اؤزومون، بیری ناغیل دئیه‌نین.,f6,book4
14187,بلی، بو قیز یئکلدی، چاتدی اون ایکی یاشینا.,f6,book4
14201,مین کؤنولدن خوش‌قدمه عاشیق اولدو.,f6,book4
14215,او قیز او قدر گؤز‌لیدی کی، شؤوقو دوشوردو چیمنه، قازلار اورکوب اوتدامیردیلار.,f6,book4
14229,بیر گون آغابی دئدی، نتهر ائلیییم بو آرابانی سیندیریم، بو چیخسین ؟,f6,book4
14243,قیز گتیردی بونون قاباغینا خؤرک-زاد قویدو، کیشی یئدی ایچدی.,f6,book4
14257,کئچل-کئچل داز ائیلر، یووادا پرواز ائیلر.,f6,book4
14271,تاجیر اوغلونون باشی‌نین یاریلمیش گؤروب دئدی:,f6,book4
14285,– آنا، گلن تاجیرباشیدیرسا، خواهیش ائله ایکی بارماقیله آلت دوداغیملا اوست دوداغیما وورسون.,f6,book4
14299,کئچل دوردو، بئشلیگی وئردی آتاسینا، دئدی:,f6,book4
14313,تاجیر اؤز کئیفینه مشغول اولوب، گئجه یاریدان کئچندن سورا اوچ نفر اؤز آداملاریندان کئچلچون گؤندردی.,f6,book4
14327,آمّا تاجیرین ناله‌سی گؤیه چیخیردی.,f6,book4
14338,تورک­دیلی آزربایجانا گلدیکده، اؤز گؤزللیگی و اؤزللیگیله باشقا دیللری اؤزونده حل ائتمیش و بوگونه قدر خالقین کیملیگینی ساخلامیشدیر.,f6,book5
14352,بونون سببی تورک دیلی تاریخی گرامر و تاریخی دیالکتولوگیا ساحه­سینده جدّی آراشدیرمانین اولماماسی، تورک دیلی عائیله­سی‌نین و پروتوتورک دیلینین هانسی مکاندا و هانسی چاغدا یارانماسی، اؤزللیکله هانسی چاغدا داغیلماسی حاققیندا سؤیله­نن فیکیرلرین آرخئولوژی بلگه­لره دایانماماسی‌دیر.,f6,book5
14366,بئله-بئله عابیده­لر تورک یوردلاریندا یوزلرجه موجوددور و اؤزللیکله آزربایجانین هر بیر قاریش توپراغیندا نمونه­لرینی گؤرمک اولور.,f6,book5
14380,اورمو تئوریاسی ایشیغیندا داها گئرچک اوزو ایله گؤرونن میفولوگیا، ائتنوقرافیا، آرخئولوگیا بلگه‌لری سیراسیندا تورک‌لرین داشبابا گله­نه­یی توتارلی توتالقا اولماقلا یاناشی، آذربایجاندان قیپچاق چؤلونه یؤنه‌لن تورک بویلاری‌نین همین بوزقیرلارا تورک تاریخی‌نین داش یادداشینی دا داشیدیق‌لارینی سرگیله­ییر.,f6,book5
14394,بوندان باشقا، دییرمان داشی، سو داشی کیمی داش­ایشلمه ساحه‌لری‌نین ده اؤز داش اوستا‌لاری واردی.,f6,book5
14408,گؤرونور، یازار آوروپوید ساقا‌لاری تورک سایماغا جسارت ائتمیر، حالبوکی کورقان و آت باسیریقلی ساقا بویلاری آلتایا آوروپا‌دان دئییل، اؤن آسیا‌دان گئدن آوروپوید پروتوتورک‌لرین بیر قولو ایدی.,f6,book5
14422,موسی کاغانکاتلی آلبان ائلی اراضی‌سینده یاشایان اوزون ساچلی بویلارین داشدان هیکل‌لر یونوب اونا ستایش ائتدیک‌لرینی، قوچ، آت، سیغیر قوربانلاری وئردیک‌لرینی وورغولامیشدیر.,f6,book5
14436,اۆچده دوغویا ائلچی کیمی گؤندردیگی V.,f6,book5
14450,عمومیتله، علمی ادبیاتدا داشبابا و باشقا دیکیلی­داشلارلا بیرباشا و دولایی باغی اولان تئرمینلرین ده هانسی آنلامدا ایشلنمه‌سینی گؤزاؤنونه آلماق گرَکیر؛ چونکی بو بیتیکده اساس موضوع داشبابا اولسا دا، داشبابا گله­نه­یی‌نین ماهیتینی آنلاماق اوچون دیگر داش نسنه‌لری حقینده دا معین بیلیک الده ائدیلمه‌لی‌دیر.,f6,book5
14464,اونا گؤره ده، کورقانلارا عاید بلگه‌لرین اوزه­رینده بیر آز گئنیش دایانماق گرکیر.,f6,book5
14478,V-IV عصرلره عاید ائدیلن ایسسیک کورقانیندان چیخان آلتون گئییم‌لی قیزین شاهانه گئییم-کئجیم گؤرکمی، میفیک سیموولیکا ایله بول اولان چئشیدلی بزک نسنه‌لری، باسیریغا قویولان قاب-قاجاق، اوزه­رینده تورک رونیک یازی‌سی اولان گوموش قاب تورک کورقان گله­نه­یی‌نین بارز اؤرنه­یی کیمی آرخئولوگیانین تورکولوگیا علمینه وئره بیله­جه­یی XX عصرین ان دیرلی ارمغان‌دیر.,f6,book5
14492,دؤرد مین­ایل دوام ائدن بو گله­نه­یین اورتا آسیا - گونئی سیبیر و قوزئی قافقاز - ایتیل - تونا بوزقیرلارینا و اووا‌لیق‌لارینا اؤن آسیا‌دان کؤچن اوروق‌لارین آپاردیغی هئچ کیمده شوبهه یاراتمیر.,f6,book5
14506,بوندان سونرا اؤله‌نین حیوانلاری‌نین سایینا گؤره، بیردن یوزه، ایکی یوزه‌جن قوربان کسیرلر.,f6,book5
14520,بئله دیکیلیداشلار خاکاس ائلینده تاقار فرهنگی ایله باغلانان مشهور سالبیک کورقانیندا دا واردیر.,f6,book5
14534,مالتا آداسیندا گؤبکلی­تپه تاپیناغیندان 8 :,f6,book5
14548,V مین­ایله عاید ائدیلیردی، آنجاق سون دؤنملرده کاربون آنالیزلرینه گؤره اونون تاریخی م.,f6,book5
14562,دیکیلیداش تورلری سیراسیندا ان قدیم اؤرنک‌لرین منگیرلره عاید اولماسی گؤرنه­یی دقتی چکیر، لاکین بو گله­نه­یین خرونولوگیاسی بؤلگه‌لر اوزره دَییشیر.,f6,book5
14576,دؤرد کتابیندا دئییلیر کی، تورک‌لرین یاغیش یاغدیرماق اوچون استفاده ائتدیک‌لری یادا داشی تورک‌لرین آتاسی یافث­له باغلی‌دیر، چونکی او، آتاسی نوه پیغمبردن بونو خواهش ائتمیشدی.,f6,book5
14590,کروپنووا گؤره، آرخئولوژی بولونتولاردا قوچ و قویون فیقورلاری داها چوخ اولان گونئی قافقازدا قوچا اعتقاد قویونچولوقلا مشغول اولان خالق‌لار آراسیندا یارانیب یاییلمیشدیر.,f6,book5
14604,بیر بونو دا قید ائتمک گرَکیر کی، ارزوروم، ایروان و تیفلیس بؤلگه‌لرینده بعضی خریستیان باسیریقلاریندا گؤرونن داش­آت و داش­قوچ اوزه­رینده خاچ دامغاسی واردیر.,f6,book5
14618,هله‌لیک آت باسدیریلمیش کورقانلارین گونئی قافقازدا تاپیلان خاچ­بولاق، شاه­تختی کورقانلاری کیمی ایلک اؤرنک‌لری م.,f6,book5
14632,دوغو تورک‌لر مارالداشا سیین­تاش ، مونقول‌لار ایسه خوشو چیلو دئییرلر؛ بو گله­نه­یین اورتا عصرلرده ده دوام ائتمه‌سی بللی‌دیر.,f6,book5
14646,بیر آنجاق بیر گئرچک‌لیک ده وار، او دا اوزه­رینده­کی رسم‌لرله کیهانی ماهیت داشییان داشمارال‌لارین کولتلا باغلی اولوب تاپیناق یئرلرینده قویولماسی‌دیر.,f6,book5
14660,بیر داشبا‌لیق کولتو سو ایله باغلی اولدوغوندان اونو آخارسو قایناقلاری یاخینلیغیندا قویوردولار.,f6,book5
14674,بیر داشلارلا باغلی بئله مومما‌لی گلنک‌لر دُنیانین بیر چوخ یئرینده واردیر.,f6,book5
14688,بعضی سینداش اوزه­رینده میفیک سوژئت‌لر، آت اوسلوبلو قابارتما و رسم‌لر ده عکس اولونور.,f6,book5
14702,ایکی سینداش کیمی باشداشی اوزه­رینده ده سیموولیک ایشاره‌لر، سوقابی، یاراق-یاساق و سایر نسنه قابارتماسی، رسمی اولور، داها چوخ ناخیشلارا و بزک‌لره یئر وئریلیر.,f6,book5
14716,بیر بئله تاریخی بیلگیلری گؤی­تورک یازیلاری‌نین اؤزونده ده گؤرمک اولور:,f6,book5
14730,اساساً، گیل‌دن یاپیلان، نادر حال‌لاردا ایسه داشدان یونولان بئله کیچیک قادین فیقورلاری اؤنجه اؤن آسیانین اکثر بؤلگه‌لرینده، سونرا‌لارسا اکینچیلیگین یاییلدیغی باشقا بؤلگه‌لرده گؤرونور:,f6,book5
14744,اؤله‌نین گؤرکمینی عکس ائتدیرن داش بدیزلرین باسیریق یانیندا قویولماسی گله­نه­یی تورک‌لرین باسیریق فرهنگینده قوم­نگاری اؤزل‌لیک کیمی تاریخی قایناق‌لاردا دا قید اولونموشدور.,f6,book5
14758,اوشاغی اولمایان قادینلارین اوز توتدوغو اوجاق-پیرلر داغ، قایا، آغاج و سایر بو کیمی بیر-بیریندن فرقلی گؤرونوشلو تاپیناقلار اولسا دا، بونلارین سیراسیندا دیکیلی داشلاردان یاپیلانلاری داها گئنیش یاییلمیشدیر، بو سیرادا حتی دوه بدیزی ده واردیر.,f6,book5
14772,کیزلاسوو دا دوغرو اولا‌راق قید ائدیر کی، سؤزو داشبابا اوزه­رینده دئییل، بالبال‌لارین اوزه­رینده یازیلیر.,f6,book5
14786,چین قایناقلاریندا قابا یونولموش داشلارین بالبال کیمی استفاده اولونماسی گله­نه­یی وئریلدیگی کیمی، بعضی اورتا عصر یازارلاری‌نین اثرلری ایچینده ده بئله بیلگیلره راست گلمک اولور، بعضی قایناقلار بالبالین آغاجدان دا حاضرلاندیغینی قید ائدیر.,f6,book5
14800,ساده‌جه، اؤندن گؤرونمک اوچون یاپیلان بو بدیزین یان و آرخا طرفی جیزگی‌سیز یاستی-هامار یونولموش، باشی رئال اؤلچودن ایری، گؤز، بورون، قولاق داها بلیرگین یاپیلمیش، یووارلاق گؤز اویوق‌لارینا اوبسیدیان پارچا‌لاری یئرلشدیریلمیشدیر.,f6,book5
14814,بئله‌لیکله، اکینچی‌لیک فرهنگینین یاراندیغی زولاغیندا ایلک بدیزلرین اورتایا چیخماسی، مختلف آماجلارلا یاپیلان بو بدیزلرده بعضی دئتال‌لارین سونراکی داشبابا‌لاردا کانونیک عنصره چئوریلمه‌سی تورک داشبابا گله­نه­یی‌نین اؤن­آسیادا یاراندیغینی گؤسته­ریر.,f6,book5
14828,گؤروندوگو کیمی، پاسخی و تورک داشبابا‌لاری آراسیندا ژنتیک باغ یوخ، تیپولوژی عینی‌لیک واردیر، هر ایکی گله­نک بیر-بیریندن آسیلی اولمایا‌راق، آیری-آیری خالقین یاشادیغی آیری-آیری بؤلگه‌لرده و آیری-آیری چاغلاردا یارانمیشدیر.,f6,book5
14842,تورک داشبابا بدیزلری‌نین تورک بویلاری یاشایان بؤلگه‌لرده اورتایا چیخماسی بیر داها گؤسته­ریر کی، تورک بویلاری کؤچوب یئرلشدیگی یئنی یوردلاریندا بو گله­نه­یی دوام ائتدیرمیشدیر.,f6,book5
14856,بو مسئله آیری-آیری‌لیقدا آرخئولوژی، فرهنگ، ائتنوگرافیک و دیلچی‌لیک باخیمیندان چؤزمک ایسته‌ین‌لر اولموشدور.,f6,book5
14870,VIII عصردن گؤرونن آلدی­بئل فرهنگی ایله م.,f6,book5
14884,آتایورددان اوزاق دوشمه‌ین تورکمن-آذر بویلاریندا ایسه اولوتورک چاغیندان قالما کلاسیک اؤن­آسیا آنتروپولوژی گؤرکم داها قاباریق قالمیشدیر.,f6,book5
14898,حالبوکی، بو آرخئولوژی فرهنگلری آراشدیران اوزمانلار کؤچون یؤنونو باتیدان دوغویا اولدوغونو دفعه‌لرله وورغولامیشلار.,f6,book5
14912,IV-II مین­ایل‌لرین اورتا‌لاریندا گئرچکلشمیشدیر.,f6,book5
14926,اؤن­آسیادا ایشلنن تورکجه چای، داغ و یئریورد آدلاری، شخص و بوی آدلاری بورا‌دان گئدن بویلارین ائتنیک یادداشیندا یاشامیش، یئنی آتایورددا یئنی‌دن ایشلنمیشدیر.,f6,book5
14940,طبیعی کی، اورمو تئوریاسیندان فرقلی اولا‌راق، آلتای تئوریاسی بو یؤنده باشقا سوآل‌لاری جواب‌سیز بوراخدیغی کیمی بو سوآلا دا جواب وئره بیلمیر.,f6,book5
14954,پیرازمیان آدی دا بو یوروما اساس وئرمیشدیر، چونکی بوی­آدی آنلامیندا قدیم آزمی بویادی آذر و آذربی ائتنونیمی‌نین، آذربیقان اؤلکه­آدی‌نین کؤکونده دایانان آز بویادی آشاغی-یوخاری 3 :,f6,book5
14968,ایکی پولاد بیلیگینده دمیر، قورغوشون، میس و سایر مئتال‌لار استحصال اولونوردو.,f6,book5
14982,سم اولان بو داشبابانین قالین‌لیغینی، باش و چیگین اؤلچولرینی گؤسترمیشدیر.,f6,book5
14996,آلتی گؤره‌سن، ایندی او تپه‌نین یئرینی بیلن وارمی ؟,f6,book5
15010,ایکی اونا گؤره ده، هم حککاریده تاپیلان، هم ده سونرا‌لار قافقازین قوزئی، آوروپانین گونئی-دوغو بوزقیرلاریندا گؤرونن کومان-قیپچاق داشبابا‌لاری آراسیندا تیپولوژی یاخینلیق‌ واردیر.,f6,book5
15024,عصرین سونلاریندا آسور چاری توکولتی-نینورتا اؤز یازیسیندا قید ائدیر کی، .,f6,book5
15038,یوخاریدا گؤزدن کئچیریلن بلگه‌لر بیر داها گؤسته­ریر کی، داشبابا گله­نه­یی اورمو تئوریاسی‌نین بلیرله­دیگی پروتوتورک آتایوردوندا - آذربایجان و گونئی-دوغو آنادولودا یارانمیشدیر.,f6,book5
15052,مین­ایللرله دوام ائتمیش تورک کؤچلری داشبابا گله­نه­یینی آیری-آیری بؤلگه‌لره داشیدیغی کیمی، داشبابا گؤرکمینده یئنی چالارلارین یارانماسی سببی ده بئله کؤج‌لرین آیری-آیری چاغلارا عاید اولماسی‌دیر.,f6,book5
15066,بورادا یالنیز پاسخی و کورسیکا داشبابا‌لاری‌نین تمثالیندا مختلف اؤلکه‌لرده گؤرونن داشبابا گله­نه­یی‌نین بیر-بیریله بیرباشا و دولایی باغی اولماسی و یا بو بنزرلیگین تیپولوژی ماهیت داشیماسی اوزه­رینده قیسا دا اولسا، فکر سؤیلمی­ین تورک داشبابا گله­نه­یی‌نین هارا‌لاراجان یاییلماسینی اؤیرنمک باخیمیندان یاراری واردیر.,f6,book5
15080,تونج چاغی داشبابا گله­نه­یینی آذربایجاندا، روسیانین گونئی چؤل‌لرینده و یئنی‌سئی قیییلاریندا گؤرمک اولورسا، بو گله­نک ساقا چاغیندا دا گونئی-دوغو آوروپا چؤللرینده، گونئی سیبیرده اؤزونو گؤسته­ریرسه، داشماراللا مونقولوستاندا اورتایا چیخیرسا، آرتیق گؤی­تورک چاغیندا بو آلانا علاوه اولونان تورکوستان چؤل‌لرینده، کومان-قیپچاق چاغیندا ایسه قیپچاق چؤللری بویونجا یاییلدیغینی گؤرمک اولور.,f6,book5
15094,شییر داشبابا و بالبال گله­نه­یی‌نین آنلام بیلیم ینه دا توخونور.,f6,book5
15108,نه یازیق کی، باخیمسیز قالان بو بدیزلرین چوخو سیندیریلمیش، باشلاری قوپاریلمیشدیر:,f6,book5
15122,اؤن­آسیادا تونج دورونون باشلانماسی ایله بعضی پروتوتورک بویلاری‌نین ائتنوقرافیاسیندا 5 :,f6,book5
15136,بو فرقی آشاغی‌داکی آرخیز، ائلبروس و کراسنودار بدیزلری ده آیدین گؤسته­ریر:,f6,book5
15150,بو فرقلری اؤته­ری مقایسه‌ده آیدین گؤرمک اولور:,f6,book5
15164,گؤرونور، روس قایناقلا‌ریندا چرنیه کلوبوکی کیمی خاطیرلانانلارین بیر حصه‌سی ده مختلف بؤلگه‌لره یاییلمیش ایندیکی قاراپاپاق بویلاری‌دیر.,f6,book5
15178,بعضی اوزمانلارا گؤره، گده دوستا، قیلینج دوشمنه یؤنه‌لیک نسنه‌دیر.,f6,book5
15192,بیلیندیگی کیمی، پاسخی و تورک داشبابا‌لاری آراسیندا ژنتیک باغ یوخ، تیپولوژی عینی‌لیک واردیر، هر ایکی گله­نک بیر-بیریندن آسیلی اولمایا‌راق، آیری-آیری خالقین یاشادیغی آیری-آیری بؤلگه‌لرده و آیری-آیری چاغلاردا یارانمیشدیر.,f6,book5
15206,بونو بیر سیرا داشیازی‌لاردا اؤلدو یئرینه دئییمی‌نین یازیلماسیندا دا گؤرمک اولور، بورادا قوش قوتون سیموولو ساییلیر.,f6,book5
15220,تاریخی قایناقلاردا تورک‌لرین قیلینج کولتو حقینده بیر سیرا بلگه واردیر.,f6,book5
15234,یوخاریدا داشبابا اکونوقرافیاسیندا ساغ الده قوتسال ایچگی و قوش، قیلینج کولتو موتیو‌لرینه اؤته­ری ده اولسا، توخوندوق.,f6,book5
15248,ده یارانیب یوزایل دوام ائدن و او چاغین آککاد، سومئر، ائلام کیمی بؤیوک دولت‌لرینی ده ایچینه آلان تورک‌لرین قوت امپریاسینی، توروک، کومان، سوبار بَی‌لیک‌لرینی، مانا، ساقا، مادا، آلبان ائللرینی و اونلارلا کیچیک خاقانلیق، خانلیق، بی‌لیک دولت‌لرینی ده علاوه ائتسک، بئله گئوسیاسی تاریخی دورومدا یاشایان، آیری-آیری تورک دیالکت و دیللرینده دانیشان تورک بویلاری‌نین ائتنوقرافیاسیندا، فولکلوروندا عمومی اورتاق خط‌لر قالماقلا، وقت آخاریندا یئنی چالارلارین یارانماسی دا دوغال اولای‌دیر.,f6,book5
15262,یئنی‌سئی-آباکان چایلاری آراسیندا م.,f6,book5
15276,بئله گؤرونور کی، ساقا، کومان بویادلاری داشییان تورک بویلاریندان‌ داها اؤنجه آس//آز بویادی ایله تانینان تورک بویلاری داشبابا گله­نه­یینی آوروپا و آلتایا آپارمیشدیر؛ چونکی همین بویلارین هر ایکی یؤنه قدیم مهاجرتی ایسکاندیناو ساقا‌لاری و گؤی­تورک یازیلاری کیمی تاریخی بلگه‌لرله بلیرلنمیشدیر.,f6,book5
15290,کول­تیگینین بدیزی بونون بارز نمونه‌سی‌دیر.,f6,book5
15304,بیر آنجاق داشبابا تیپ‌لری‌نین تیپولوژی ایستیلیستیک مقایسه‌سی آیدین گؤسته­ریر کی، بونلار اؤلن آدامین شرفینه یاپیلمیش و ساده‌جه، اونون گؤرونوشونو عکس ائتدیرن انشان شکلی داش بدیزلردی.,f6,book5
15318,کوتویچ آلایاریمچیق یونولموش بالبال داشلاری ایله اؤله‌نین اؤزونون گؤرکمینی عکس ائتدیرن داشبابا‌لار آراسینداکی فرقی تاریخی قایناقاار و اورتادا اولان دیکیلی داشلارلا ایضاح ائتمیشدیر.,f6,book5