NO	Sentence	ID	book_name
9	تصادفي دئييلدير كي، آتالار سؤزونون اوستونلويو اوندان گؤرونور، بو سؤز اؤرنك‌لري، حياتين بوتون ساحه‌لرينه مداخله ائدير.	m3	book1
23	اومود ائديرم بو ايلك آدديم اولدوغونا گؤره گله‌جكده بو خصوصدا داها دولغون، داها علمي كتابلار يازيلاجاقدير.	m3	book1
37	اونلارين فارس ادبيا تيناگؤسترديگي خدمت و ارمغان ائتديگي هديهلر، گئنيش اوخوجو كوتلهسي قازاناراق، فارس ادبياتچيلاري طرفيندنده رغبتله قارشيلانميشلار.	m3	book1
51	بعضي واختلار داگؤرورسن بيرتماشا صحنهسي بوسبوتون آتالار سؤزو ايله بزه‌نير:	m3	book1
65	ـ دوهنين قويروغو يئره دگنده گليب آپارارسان.	m3	book1
79	گؤيدن الهام آلالي سيرري سماواته دئييرسن هله آغ كوركو بورون يازدا ياشيل دوندا گئييرسن قورادان حالوا يئييدرسن داغلي حيدربابانين آرخاسي هر يئرده داغ اولدو داغا داغلار داياق اولدو.	m3	book1
93	ـ سؤز آنلايان آياغا قالخسين، آنلامايان دورسون باخسين آغير يونگول سؤز باره ده بئله ايفاده ده دئييلميشدير:	m3	book1
107	سؤزنه قده‌ر آغزيندادي سنين‌دير، چيخدي ائشييه اولدو اؤزگه‌نين.	m3	book1
121	البته کور اوغلونو تاينيان يوخ ايدي.	m3	book1
135	سؤزون گوجو باره ده اليميزده بير چوخ روايت لر واردير.	m3	book1
149	بئله‌ليکله بو بير پارچا سؤز شاهي اؤلمدن قورتارير سؤزون هر نه دن اوجا اولدوغونو گؤسترير.	m3	book1
163	آذربايجان اوزان شعرينده بو ايفادهيه چوخ ـ چوخ راست گلمك اولار نئجهكي، گويچهلي علسگر دئيير:	m3	book1
177	بيليرسيز بو آتالار سوزو و ضرب المثل‌لر نئيه بئله يادداقالير.	m3	book1
191	ـ بري باخ، بلكه سن عاشيق اولوبسان ؟	m3	book1
205	اوغلان اؤزونه مخصوص ايفاده ايله گولوب، جاواب وئرير:	m3	book1
219	قويدوچون تخته قدم نازايله اوْل شاهی- جاهان، اللی مين توپ آتيليب، شهر چيراغبان اوْلدو.	m3	book1
233	خالقيميزين قديم عادتلرينه گؤره، گنجلر معين.	m3	book1
247	بيز ايند‌یه‌د‌َك دولتين هئچ بير امرينده‌ن بويون قاچير ماميشق:	m3	book1
261	اؤزمنشاء اينه گؤره بو ايفاده معاصر معنادا كی ايله يوخ، معناسی بيلديرميشدیر.	m3	book1
275	خالق ايفاده‌لرينده آرديجيل گلن تركيب‌لر يا ياخين، يادا عكس معنالی سؤزلرده‌ن تشكيل اوْلونوركی، معين مقايسه و يا قارشيلارشديرمايا خدمت ائده بيلسين.	m3	book1
289	معاصر ديليميز ده بو ايفاده اساساً ، هابئله شكليند ايشله‌ديلير.	m3	book1
303	ولی زاده‌نين روْمانيندا دئييلير:	m3	book1
317	بو اينام ان قديم سومئر، بابيل، افسانه‌لرينده اؤزونو گؤسترير.	m3	book1
331	سوْنرا لار سؤز و اراضی آدلاری ايله تانيشديريليب ايشله‌نمه‌يه باشلاميشدير:	m3	book1
345	اوْنلار دريلرينی كسيب بير- بير ينين قانينی سوْروب ايچمكله بومقاويله‌نی قوه‌يه‌مينميش حساب ائديردير.	m3	book1
359	بونلارين بيرينده خؤره‌ك ، ديگرينده ايچكی اوْلاردی، بعضی آرخئوْلوْژی قازينتيلار بونلاردان علاوه قبره ات ده قويولدوغونو معين‌لشديرميشدير.	m3	book1
373	بير سيرا مجرد آنلاييشلار عمومي بدن عضولری آدلارينين مجازی معنادا ايشله‌ديلمه‌سی اساسيندا يارانميشدير.	m3	book1
387	بو حادثه‌نين طبيعی ايضاحی بئله ديركی، عادتا ً قوْرخودان دامارلارين توتولماسي اوْلماسی باش وئرير، انسانين رنگی سارالير.	m3	book1
401	بئله معلوماتدان سوْنرا، هئچ شبهه‌سيز، بيزده اوْقوشا رغبت اوْيانير.	m3	book1
415	آكادئميك محمد عاريف مقاله سينده يازميشدير:	m3	book1
429	آمان آللاه انسانين بصاراتی نئجه ده باغلانارميش!	m3	book1
443	بو منظره‌نی سير ائدن آسلان دئيير:	m3	book1
457	بو عادتين ايزلرينه بديعی ادبياتدا راست گليريك ‌ دا دئييلير كی، قازان بی اوْغلو اوُروَز بگی دوستاقليقدا خلاص ائتديكدن سوْنرا .	m3	book1
471	بو ايفاده‌لرين ديليميزه ازبری اوْلماسی بير داها حاققيندا دانيشديغيميز شرقی توركستان شامان آيينينين خالقيميز آراسيندا چوْخ گئنيش ياييلديغینی گؤسترير.	m3	book1
485	بو منوال ایله سوفره سالینیر، هئچ کیمسه الین خوره‌یه اوزاتمیر، بوحالدا هامی اونا بویور- بویور دئیه‌نده او الینی پئجه‌یی‌نین اوجونا آپاریب دیئیر:	m3	book1
499	وطن حیسی بیر طرفدن، بو سیررین دردی باشقا طرفدن ال- اله وئریب، دلـله‌یی حرکته گتیریرلر.	m3	book1
513	آمما یاخینلاشیب، چوبانین چالدیغی توته‌گیندن بو سؤزو ائشیده‌ن زامان ایکی الی اولور بیر باشی.	m3	book1
527	بوینوزو باشینداکی حقیقتی اؤز دیلی ایله ائشیده‌ن اسکندر چوبانی بوراخیر.	m3	book1
541	عهد پیمان ائله‌ییب، اؤز سؤزونون اوستونده دورماغا آند ایچدی.	m3	book1
555	بو آدام تاجردن اوغورلادیغی شئی‌لری قایتاریب، ائوینه طرف یولاندی.	m3	book1
569	نهایت آتا اوغلونا سونونجو دفعه بیلدیرییرکی، اوغول گئت تورپاغی اک، توخومونودا سپ، اکین یئتیشنده منی ده اؤزونله چؤله آپارارسان.	m3	book1
583	جاماعات آراسیندا گئن- بول ایشله‌نن بو مثل آدینا ایکی فرقلی روایت وار.	m3	book1
597	مؤلف‌لر بو روایتین هر ایکیسینی ده تاریخه استناد ائدیب، مثلیمیزین نئجه یارانماسینی آیدینلاشدیریر.	m3	book1
611	بو واخت تنبل احمد ائوده اوتورانماییب، میمون اوینادانین تاماشاسینا گئتدی.	m3	book1
625	او هاچاندان هاچانا ایسه گوردوکی، اونون اوزونه اوقده‌ر میچک توپلاشیب کی، گل گؤره سن.	m3	book1
639	باشیندا دا دمیر پاپاق، اوستونده ده یازیبلار:	m3	book1
653	اونلار خئیلی گئده‌ندن سونرا، آخیر دا گلیب ایسته‌دیکلری یئره چاتدیلار.	m3	book1
667	دیولرده علاجسیز حالدا اونون ایسته‌گینی چوخ چتینلیکله یئرینه یئتیردی.	m3	book1
681	منیم اوچون بیر خورجون پول و بیردنه یئل کیمی گئده‌ن آت.	m3	book1
695	اولار دینجه‌له- دینجه‌له بیر- بیرلرینه دئییردیلر:	m3	book1
709	هر کس منیم دوه‌می تاپارسا اونون موشتولوغونا او دوه‌نی وئره‌جه‌یم.	m3	book1
723	دده دئ گؤروم، او نه دیرکی، هم بیلیریک و هم بیلمیریک ؟	m3	book1
737	هه واخت چاتماز، اوشاغین سورغوسو جاوابسیز قالار.	m3	book1
751	هر کس منی سوروشسا، دئ کی ائوده دئییلم.	m3	book1
765	چوبان بو غیبی یاردیما گؤره، آللاها شوکور ائله‌ییب، اؤز یولونو توتوب گئتدی.	m3	book1
779	بئله جه بو سؤزو یادیندا ساخلایا- ساخلایا گونلر، آیلار کئچر.	m3	book1
793	اونا گؤره احمد، بیر یئردن جرمه اوچون پول تاپیب، کتخودایا وئریرکی، اوندان ال چکسین.	m3	book1
807	اونا گؤره ده حیرصله قاییدیب دئییر:	m3	book1
821	یاخشی اولاردی کی، گئجه‌نی، اولارین ائوینده قالیب، سحر تئزدن، یئنه اؤز یولونو توتوب گئتسین.	m3	book1
835	دئمه‌لی‌ییک بو دئيیم باره ده اولان روایت‌لر جوربه جور دور، آنجاق هره‌سی‌نین اؤز یئری، اؤز دادی واردیر.	m3	book1
849	دئییر کئچمیش گونلرین بیرینده بیر کندلی شهره بیر داغارجیق قاتیق ساتماغا گلیر.	m3	book1
863	ایندی اولدوق باشا- باش بو حسابلا باققال قارداش آتالار دئمیشدیر:	m3	book1
877	یئنه صحبت آراسی بارا قویان کیشی بیردن- بیره آغزینا نه سالیر، نه دئییر:	m3	book1
891	بو قونشو او قونشویا قاییدیب، دئییرکی:	m3	book1
905	قدیم ایامدا بیر قوجا کیشی، شهرین مشهور حکیم‌لریندن بیرینین یانینا گئدیر.	m3	book1
919	عزیزلر مثلی‌نین آدینا بئله بیر روایتده دئییرلرکی، گویا قدیم زامانلاردا بیر آتا اؤز اوغلونا نصیحت وئرمک اوچون دئییردی:	m3	book1
933	حسن کیشی گلمه‌یه گلیر آمما گؤرورکی، اوشاقلارین هره‌سی بیر هاوا چالیر.	m3	book1
947	بعضی سؤزلر باش اوجالیغی گتیردیگی کیمی، اونلارین بعضی‌لری ده باش آلچاقلیغی گتیریب، اؤز صاحبینی ده‌یرسیز بیر شیئه چئویره‌ر.	m3	book1
961	وفالی قادینا پاخيل‌ليق ائله‌ين چوخ اولار.	m3	book1
975	اؤزونو دیلنچی گؤرکمینه سالان بگ آروادی قاپینی دؤیوب پای ایسته‌دی.	m3	book1
989	- بگ آروادی، اونون عاغلینی یوخلاماق اوچون اوندان سوروشدو:	m3	book1
1003	بگ آروادی ایناندی کی همین آرواد دوغروداندا چوخ عاغیللی و آندینا، عهدینه صادق اولان خانیم‌دیر.	m3	book1
1017	عنادکار اوغلان وار گوجوایله چالیشیب، اؤزونو اؤلکه پادشاهلیغینا چاتدیریر.	m3	book1
1031	هئچ نه‌یین اوستونده اؤلن بو آداملاردان ایکی اوغلان قالیر.	m3	book1
1045	اوغلانلار بیر- بیرلرینی باغرینا باسیب، آغلاشیرلار، سونرا چؤره‌ک کسیب، اونا آند ایچیرلر.	m3	book1
1059	هه اوگونلر نوائينين سارايدان يوز افترا و تهمت ايله اوزا قلاشديرينيز، آمما گؤرونور، چتين ايشلريز، اونسور اؤز يئريني آلمير.	m3	book1
1073	ائله كي گؤردولر قادينلاري نه اينكي داريخماييب، بلكه اونلار اوچونده بير ايش گؤروبلر، اونون اوچون آرتيق سئوينديلر.	m3	book1
1087	دئييلنلره گؤره حق سئوه‌ر و عارف بير شخص بازاردان كئچيرميش.	m3	book1
1101	اونلاركي، اگله‌شيب دونيا ايله اگله‌نيرلر هميشه‌ليك اولاراق اؤزلريني محو ائديرلر.	m3	book1
1115	نه اوچون چوخ ايشله‌ييب، چوخ پول قازانميرسان ؟	m3	book1
1129	سحر تئزدن دوروب قونشودان اود آلماق ايسته‌دي.	m3	book1
1143	باشماقچي گلدي، ولي خان عصبي حالدا سوروشدو:	m3	book1
1157	بيرده گل بو پولو آتا اوتدان، يونجادان آل‌كي حئيوان آج قالماسين.	m3	book1
1171	حكمدار باشماقچيا امر ائله‌دي بونلارين بويونلاريني وور.	m3	book1
1185	بيري وارايدي، بيري يوخ ايدي، آللاهدان باشقا هئچ كيمسه يوخ‌ايدي.	m3	book1
1199	قورباغا داش پارچاسيني اوغلانا وئريب، آتيلدي گئتدي.	m3	book1
1213	قارا بگين شرطي آغير اولدوغونا گؤره هئچ بير كند اونونلا دانيشماغا گئتمه‌دي و ايندي بو كندين نؤوبه‌سي‌دي كي خانلا اؤز چتين‌ليك‌لريني حل ائتسين.	m3	book1
1227	قارا بگ داها آرتيق كؤوره‌له‌رك باغيردي:	m3	book1
1241	عاشيق درين فيكيرده‌ايكن، آغلاماغا باشلادي.	m3	book1
1255	خان عاشيقي شرط‌ايله چيخارماق قرارينا گلدي:	m3	book1
1269	آتلي لار ها چاليشديلارسا، چايي كئچه بيلمه‌ديلر.	m3	book1
1283	كيچيك احمد عمللي ـ باشلي بؤيويوب، جاوان بير اوغلان اولوب.	m3	book1
1297	لاپ عجب ائله‌ييرسن، ائله من ده سنين كيمي بير ايشچي آختاريرديم.	m3	book1
1311	احمد باخيب گؤرور داغين، اوستو جواهيرلرله دولودور.	m3	book1
1325	اربابين طرفيندن آرخايين اولان احمد قاباقكي كيمي ايش دالينجا گزديگيني، بيلدير‌ندن سونرا ارباب اونو ايشلتمه‌يي قبول ائله‌يير.	m3	book1
1339	قيرغيلار اونو گؤرن كيمي قورخودان اوچوب گئديرلر.	m3	book1
1353	سنين آندينا اينانيم، يوخسا خوروزون قويروغونا.	m3	book1
1367	تولكو تعجبله ايتدن سوروشوركي نه اوچون راحات بوراخمير.	m3	book1
1381	بيري بيزدن باشقاسي ايسه آللاهدان روزي ايستهيير.	m3	book1
1395	ايلدي، سني ساغ – سالامت ساخلاميشام، بو گونه كيمي، سنه بير چيرتمكده بئله ديمه‌ييب، ائله بيل سني بو دونيادان او دونيايا كيمي، ساغ آپاراجاغام.	m3	book1
1409	بیر نفري بتر قيزديرما توتدو، ائوده هر نه وار ایدی سالدیلار اوستونه، یئنه دئییردی کی اوشویورم.	m3	book1
1423	قاري تئز قيزيللاري آلير، اؤزونو وئرير بازارا ياغدان، اتدن، دويودن آليب گتيردي.	m3	book1
1437	دؤرد ـ نجو ايله روس اوردوسو گنجهني اشغال ائديب زياد خانين اوغلو جواد خاني اؤلدورهنه قدر دوام ائلهيير، اوندان سونرا طايفا پرن ـ پرن دوشور.	m3	book1
1451	دئ گؤروم، غيض ايله بير ايش گؤرمك ايسته سن اوولجه نه ائتمك لازيم دير ؟	m3	book1
1465	ايسته‌سن سنه ايكي قيمتلي سؤز اؤيره‌ده‌رم.	m3	book1
1479	يايليقا باغلاديغيم ائوده كسيب آروادينلا ياري بؤلرسن.	m3	book1
1493	احمد اؤچ گون ـ اوچ گئجه يول گئديب چاتدي ائولرينه پنجره‌دن بويلانيب گؤردوكي، آروادي‌نين ديزي‌نين اوسته بير جاوان اوغلان اوزانيب.	m3	book1
1507	احمد كيشي دن چوخ راضي قاليب، گتيرديگي پوللارلا عائيله‌سيني، آتا ـ آناسيني دا دولانديريب خوش گون گئچيردي.	m3	book1
1521	آرواد سؤزونو قورتاران كيمي سانديقدان بير دسته پول چيخارديب.	m3	book1
1535	اؤزوده كي اوستاسينا چوخلو خئير وئريب.	m3	book1
1549	گئدين منه شيرين بير شئيي آلين گتيرين.	m3	book1
1563	آمما ديل‌له دئيلميش سؤزون آجيسي هئچ زامان گئتمز.	m3	book1
1577	آمما او شيرين يوخودا باتيردي اوشاقلاري گئديب آييلداندان سونرا گئجه وقتي نابلد آداملارين قاباغينا الي بوش آغ تومان، آغ كؤينكله چيخدي.	m3	book1
1591	پنجره دن باخيب گؤردولر فياضين آتاسي قاباغينا چوخلو دفتر كتاب تؤكوب اوخويور، يازير.	m3	book1
1605	صحبت آسناسيندا معلوم اولدوكي، اونلارين هر ايكيسي‌نين يولو بيردير.	m3	book1
1619	ماراقلي‌دير، يئمك بيشير، ائوين يييه‌سي‌ايسه يوخدور.	m3	book1
1633	اودا سؤز وئريب‌كي اوغرونو تاپانا بير ايلخي آت وئره‌جه‌يم.	m3	book1
1647	سنين يانيندا گوناهكارام، سنين آتيني اوغورلاديم.	m3	book1
1661	او آز گئتدي، يوز گئتدي، دره – تپه دوز گئتدي، نهايت آباد بير كنده چاتدي.	m3	book1
1675	اونون شرطي بوايدي‌كي، هر كيمسه بير ايلده‌، اونون قويونلاريني ايته – قوردا وئرمه‌سه، قويونلارين ياريسيني اونا وئره‌جكدير.	m3	book1
1689	محمد اوزويو آليب، سئوينه – سئوينه ائوينه قاييتدي.	m3	book1
1703	تعبير تؤكون او اوزويو نئجه اله كئچيرمك لازيمدي ؟	m3	book1
1717	سنينله شرط باغلاييرام كي، آدام اولان يئرده ميلچك‌ده اولار.	m3	book1
1731	وزير چوخ دئيير، قول آز ائشيدير.	m3	book1
1745	منيم بو ايشده گناهيم يوخدور، بونون باعثي درزي دير، منيم دونومو نئچه واختدير تيكيب، قورتارمير، من گونده اونون يانينا گئتمه‌لي اولموشام.	m3	book1
1759	امر حكمدار امري‌ايله تئز يئرينه يئتيريلير و اؤلكه پادشاهي اوغرونون يئرينه آسيلير و ابدي پادشاه اولماق طاماحي‌ايله اؤلور.	m3	book1
1773	بير گؤيولده‌ن مين گويوله عاشق اولدو.	m3	book1
1787	گونلرين بير گونونده سيمرغ پئيغمبرين يانينداييدي حضرت اؤز چئوريب قوشا دئدي:	m3	book1
1801	اودا اونلاردا اولان دئييم طرزي و مخاطب مسئله سيدي.	m3	book1
1815	مالك بير نئچه گون اولارا قوناق اولور و اؤز عشقيني بوشعري ايله بيلديرمه‌يه چاليشير:	m3	book1
1829	دئديكده، كيشي آغاجي گؤتوروب اوغلاني سالير چؤله و دئيير:	m3	book1
1843	بوتون بونلارقدير اكمهيين اهميتي نمايش ائتديرير.	m3	book1
1857	پادشاها مخصوص اولان گؤزه‌ل باغين ياخشي – ياخشي مئيوه‌لري وارايدي آلما آغاجلارينين سيراسيندا اولان مخصوص بير آلما آغاجي فقط ايلده اوچ آلما گتيره‌ردي.	m3	book1
1871	ايندي كيم گئديب، سونا بولبولو تاپاجاق ؟	m3	book1
1885	صياددا بو چتين يولو سئچيب، آتيني چاپماغا باشلادي.	m3	book1
1899	سن آنادان اولان گون، من داغي – داشي گزيرديم، بوتون چؤللر، اورمانلار سنين بو دونيايا گليشيني منه خبر وئرديلر.	m3	book1
1913	منيم يولوم اوزوندور، من سونا بولبولون دالينجا گئديره‌م.	m3	book1
1927	باشلاريني، بوينوزلاريني بير توربايا ييغيب، يولونا دوام ائتدي.	m3	book1
1941	قيزا دئدي سن بوردا قال من گئديره‌م.	m3	book1
1955	اگر منه ائله گوجون واركي، قامچي ووروب، منيم بوتون وجودوم تيتره‌سه، اوندا شاهين سارايي‌نين اوزه‌ريندن اوچارام و سن‌ده قيزيل قفسده اولان بولبولو گؤتوروب گله‌ريك.	m3	book1
1969	اونلارين بيري قيرميزي دئوين تيليسمينده قيزي او بيرسي‌ده آغ دئوين تيليسمينده و اسيرليينده اولاني و سونونجو قيزي‌دا صياد اؤزونه سئچيب، عؤمور گون يولداشي ائتدي.	m3	book1
1983	اورتانجيل قارداش گلدي، اودا نه قده‌ر چاليشدي، بولبولو ديله گتيره بيلمه‌دي.	m3	book1
1997	اوغول سن تزه گليبسن، هاردان بو چتين ايشي گؤره بيله‌جه‌كسن ؟	m3	book1
2011	صياد ايشي قبول ائتدي و بير گونون ايچينده باشماقدا حاضير اولدو.	m3	book1
2025	چانتوس عصبي اولدو و سونونجو دفعه شرط ائتدي، يا بولبولو قايتارسينلار يادا اؤلكه‌لريني اودا چكه‌جكديلر.	m3	book1
2039	اوخو بولبولوم، اوخو قوي باغيميز گول – چيچك آچسين، هر يئر ياشيللانسين.	m3	book1
2053	بو ايش ائله سيزين پئشه‌نيزدير ؟	m3	book1
2067	دئيير اونلار او واختدان سونرا اؤلكه‌نين مثبت ايشلرينده اؤز هنرلريني ايشلتديلر بعضي روايت‌لرده بونو شاه عباسين آدينا سؤيله‌ميشلر.	m3	book1
2081	اوغلان اويان – بويانا باخيب، گؤردو، ياخينليقدا بير كؤهول واردي.	m3	book1
2095	بيز گرك سئچديييميز باشچينين سؤزونه باخاق، او هرنه دئسه اونون دئديييندن چيخماياق، هر كيمسه‌يه آز اَت و يا چوخ سوموك وئرسه قانع اولاق.	m3	book1
2109	شاهين قيزي ائيوانا گلنده قيرقي اوچوب، اونو قانادينا آليب، اوچار و بورايا گتيره‌ر.	m3	book1
2123	اوندا ايت‌لر بيزي توتار، انسانلاردا دريميزه سامان تپر.	m3	book1
2137	قاري بير ايلان توتوب، شوشه‌يه سالدي و سونرا، ايلاني تحريك ائديب گؤيه اوچوردو.	m3	book1
2151	كوپه گيره‌ن قاري قيزا دئدي:	m3	book1
2165	اوچ بير باشا گئت گونئي شاهي‌نين قصرينه، گؤز‌له قيز ائيوانا چيخسين، او سني گؤره‌ن كيمي تانيياجاق و اؤزوده سنله گلمك ايسته‌يه‌جك، آل قيزي گؤتور گل.	m3	book1
2179	بير نئچه ساعاتدان سونرا، ساواش باشلاندي.	m3	book1
2193	بيردن ديك آتيليب، شاها و آداملارينا دئدي:	m3	book1
2207	گؤيدن اوچ آلما دوشدو، بيري ناغيلي دئيه‌نين، بيري دينله‌يه‌نين، يئرده قالان بير آلمادا سيزين.	m3	book1
2221	آي بابا هئچ نه يين فيكيرين ائله‌مه، قيشدان سونرا ياز گله‌ر.	m3	book1
2235	ناغیللارا دقت ائتدیکده بیر سیرا میفولوژی موضوعلارا تصادوف ائدیله‌جیی بللیدیر.	m3	book2
2249	بو ذهنیّتین ناغیللاردا عینیله انعکاس ائتدیگینی گؤرمک مومکوندور.	m3	book2
2263	پادشاهین باشینی ایسلاتماغا باشلایاندا اسکندرین اونو نه اوچون سینادیغینی باشا دوشمور.	m3	book2
2277	مثلا، بیری ناغیل ائدرکن باباسی، ننه‌سی و یا اولو باباسی‌نین قولیابانینی گؤرموش اولدوغونو سؤیله‌ییر.	m3	book2
2291	ننه‌سی چای باشیندا پالتار یویارکن، حال آناسی‌نین الینده جییر سو اوستونه گلدیگینی گؤرور، حال آناسی جییری سویا سالماق ایسته‌ییر.	m3	book2
2305	بو کیمی باخیش ناغیلین، بئله دئمک مومکوندورسه، تعیین ائتمه‌یه امکان وئریر، اوفوقی باخیش ایسه ناغیلین ائلدن-ائله، اؤلکه‌دن-اؤلکه‌یه کئچمکله نه کیمی ديَیشمه‌لره تصادوف ائتدیگینی گؤستریر.	m3	book2
2319	بو ناغیللاردا حاکم گروهلارین ماسکاسی ییرتیلمیش، آریستوگراتییانین اؤلدوروجو کاراکتئریستیکاسی وئریلمیشدیر.	m3	book2
2333	لاکین بونلار دهشتلی اولدوقلاری قدر ده سارساق اولورلار.	m3	book2
2347	بونون ان چوخ معجز‌‌لی بیر صورتده تأثیر قووو‌سی باشی، قویروغو کسیلمیش ایلانین قووورماسینی یئمکده ایمیش.	m3	book2
2361	ناغیللاردا بو مباریزه مخصوصی گیزلی بیر فورمادا وئریلیر.	m3	book2
2375	ناغیلینداکی مئیمون نقشی استثمار اولونان کندلی طبقه‌‌‌لرین وارلیلارا قارشی مناسیبتینی افاده ائدیر.	m3	book2
2389	، ، »زرنیگار» و باشقالاریندا قادی‌نین سربستلیک حوقوقو فیکری کیمی قویولموشدور.	m3	book2
2403	آز گئتدی، اوز گئتدی، دره-تپه دوز گئتدی، گلدی بیر دره‌نین باشینا چاتدی.	m3	book2
2417	باخدی کی، یوخ، بو دفعه‌‌ سس لاپ قولاغی‌نین دیبیندن گلیر.	m3	book2
2431	یئیرسن، ایچرسن، پادشاهنان باغچادا سئیرانا چیخارسان.	m3	book2
2445	پادشاه امر ائله‌دی کی، علیمردانا طؤوله‌سیندن ان یاخشی آتلاردان بیرینی وئرسینلر.	m3	book2
2459	گئنه گلیب ایلانین یوواسی‌نین قاباغیندان کئچنده دالدان آغ ایلان بونو چاغیردی.	m3	book2
2473	علیمردان فیکرلشدی، فیکرلشدی، قیر-قیزیلی گتیردی ایلانین یوواسی‌نین آغزینا.	m3	book2
2487	قیز دا دویو آریتدیییردی کی، خؤرک بوشیرسین.	m3	book2
2501	دویو آریتدیییردیم، بیر گؤی مینجیخ تاپدیم، آغزیما آتمیشدیم، بولمه‌دیم اوددوم.	m3	book2
2515	قیز باشینا گلن احوالاتی دئوه سؤیله‌دی.	m3	book2
2529	بولار بوردا قالسین، سیزه کیمدن خبر وئریم، بو قیزین قارداشلاریندان.	m3	book2
2543	آخیردا بو اوغلان فیکیرلشدی کی، اده نه واختا قدر من بوردا قالاجاغام ؟	m3	book2
2557	– آی نؤکر اولان، آی نؤکر اولان!	m3	book2
2571	اؤکوز یئنه گئدیب دوردو بیر کوللوخدا، ایتسه گئتدی دوردو چایین اورتاسیندا.	m3	book2
2585	– گؤی مینجیخ، گئدک باری، اؤکوزلری گتیرک.	m3	book2
2599	بونلار او یانا گئدن کیمی گؤی مینجیخ دا هئچ زاد گؤتورمویوب، بوش آتیلا-آتیلا دوشدو بونلارین داللارینجا.	m3	book2
2613	گئجه‌نین بیر عالمینده آروادنان کیشی آغیردان، یونگولدن آتا، اؤکوزه یوکلییب فارماشلاریدا بیر آتا چاتیب دوشدولر یولا.	m3	book2
2627	گؤی مینجیخ دا آروادی دورتمه‌لهییب دئدی:	m3	book2
2641	کئچل محمّد بیری وارایدی، بیری یوخ ایدی، بیر فاطی قاری وار ایدی.	m3	book2
2655	– آی فاطی قاری، هئچ کیمی سؤیوب قارغیما، بوز هامیمیز دوشنده سنه ال کؤلگه‌لیگی ائله‌ییریک، کیم سنین مالینی اوغورلایاجاق.	m3	book2
2669	چایچی باخدی گؤردو بو ائله بیر کئچلدی، اگر بونو آلسا دا بوندان دوکانینا بیر موشتری ده گلمز.	m3	book2
2683	محمّدین حؤرمتی گونو-گوندن لوطوباشی‌نین یانیندا آرتیردی.	m3	book2
2697	– منیم آغامنان هامی شهر توک سالیر، بو دا منی قورخوزور.	m3	book2
2711	بونو گؤرن کیمی باشلادی محمّدین آغزی‌نین سویو آخماغا.	m3	book2
2725	– آی دارغا آغا، منیم ائویم یاریلیب قیرخ جوت جورابیم گئتمیشدیر.	m3	book2
2739	بو لوطونون بیریدی، بوراخدون، بلکه قاچدی گئتدی.	m3	book2
2753	او گئجه‌نی یئییب-ایچیب یاتدیلار.	m3	book2
2767	پولو ییغدیلار، ایپی ده باغلادیلار محمّدین بئلینه، آتدیلار نهنگین آغزینا.	m3	book2
2781	– یقین شهرین اهلی بو جیغیردان هارایسا گئدیبلر.	m3	book2
2795	محمّد یاپیشدی بیله‌ییندن، اوغلان او طرفه چکدی، محمّد بو طرفه چکدی.	m3	book2
2809	بولبوللر جه-جه وورور، گوللر په-په وورور، آغاجدار باش چکیب فله‌یه.	m3	book2
2823	بیر ده گؤردو، قیزلاردان بیری او بیرلرینه دئدی:	m3	book2
2837	– باجیلار، من فیلان شهرین کناریندا بیر قالاچادا مسکن توتموشدیم.	m3	book2
2851	محمّدی ویریب دیمدیگینه اوز توتدو محمّدگیلین شهرینه.	m3	book2
2865	محمّد اؤزون یئتیردی دریایا، اوزویو سویا سالان کیمی اوغلان چیخدی:	m3	book2
2879	آداملاری او طرف-بو طرفه یاریب، اؤزون آتدی مئیدانچایا، جورابلاری پادشاهین قاباغینا تؤکوب، دئدی:	m3	book2
2893	ایسته‌ییردی قاییتسین گئری، گؤردو آروادی کلاه فیرنگیدن چاغیریر:	m3	book2
2907	علاجی یوخدو، گئده‌جگ، یا اؤلر، یا دا گتیره بیلمز، سن بوینون ووردورارسان.	m3	book2
2921	گلیب اوتوز دوققوز گون خانیمنان کئفه باخدی، قیرخینجی گون خانیم بیر لؤح وئردی محمّده.	m3	book2
2935	اوندا چیخارسان ناردان نه قدر لازیمدی قوینونو، قولتوغونو دولدورارسان.	m3	book2
2949	قیز نارین کسدیگی یئرینی قویدو بیر-بیری‌نین اوسته، ائله بیل هئچ کسیلمه‌میشدی.	m3	book2
2963	– اوزون دانیشما، تیکدیردین تیکدیریبسن، تیکدیرمه‌سن بوینون ووریلاجاخدی.	m3	book2
2977	محمّد، قال منه کمک ائله، دئیینن خئیر، من قالا بیلم‌رم، اؤزون ده قاییداندا مباده، دالا باخاسان.	m3	book2
2991	آل بو اوزویو، گئدرسن دریانین قیراغینا، اوزویو سودا چالخالارسان، همین اوغلان چیخاجاخ.	m3	book2
3005	محمّد قورخا-قورخا دریا طرفه باخاندا، گؤردو او بویدا عمارتدن بیر چؤپده قالماییب یئرینده.	m3	book2
3019	گون چیخاندان گون باتانا جمعی پادشاهلار مندن قورخور.	m3	book2
3033	بیر گون آشپاز گتیردی بونللارین خؤرگینه بیر سوموک قویدی.	m3	book2
3047	– صاباح اووا گئده‌جکسینیز، منیم اوغلانلاریمین یانینجا.	m3	book2
3061	بو جئیرانی قووا-قووا گتیردیلر سالدیلار بیر قالاچییا.	m3	book2
3075	– ای اوغول، او بوش فیکیردی، او یئددی قارداش دئوین باجیسیدی.	m3	book2
3089	آنجاخ سنه ایندی بیر شئی اؤیره‌دجه‌یم.	m3	book2
3103	بیر ملّا گتیرتدیلر قیزین کبینین کسدیردی ملیک ممده.	m3	book2
3117	آچان کیمی دئو قیزی گؤتوروب، یاعلی مدد گئتدی.	m3	book2
3131	من مرددیینن اؤلدورجگم، دئییب، قیلینجینی سیویردی.	m3	book2
3145	نه ایسته‌سن حاضیر ائده‌جک.	m3	book2
3159	بو ملیک احمد بیر ده دودویو چالدی، گئنه اؤزو بیر قاریش، ساققالی ایکی قاریش گلدی.	m3	book2
3173	او، بیر آت گؤندره‌جک کی، اوغلوم مینسین گلسین.	m3	book2
3187	– بو سیردن منی آگاه ائله، گؤروم، او آتی، او قوشو، او ایلانی نییه اؤلدوردون ؟	m3	book2
3201	– بو فیلان ناخیرچی‌نین اوغلیدی کی، ملیک ممدین یولوندا نه زحمتلر چکدی.	m3	book2
3215	قصیرده قنی شاهین قیزی پسته خانیم اؤزونه یئددی قلم ایله زینت وئریب، قیزیل صندل اوستونده قرار توتوبدور.	m3	book2
3229	شفتن عرض ائتدی کی، شاه ساغ اولسون، هئچ بیر پئشه صاحبی دئگیلدیر.	m3	book2
3243	آخوای بعضا ده بیر پئشه‌کار صیفتینده خلقین ایچریسینه گیریب حیله‌‌‌ یولو ایله ماهالین آداملاریندان گیرینه کئچه‌نی او زیرزمییه آپاریب، او آدام سئحیربازلیغی اؤگرننه قدر ایشله‌دردی.	m3	book2
3257	شفتن گؤز اوسته دئییب اوغلو ایله، آخوای ایله گؤروشوب ائولرینه قاییتدی.	m3	book2
3271	خان اوغلان سون درجه‌‌‌ده حئیرتله‌نیب دئدی:	m3	book2
3285	خان اوغلان سوسه‌نین چکدیگی تدبیر نتیجه‌سینده عرض ائله‌دی:	m3	book2
3299	خان اوغلان بو اوچ ایلین عرضینده باشینا گلن قضا-قدری آتا آناسینا تماماً نقل ائتدی.	m3	book2
3313	بو زامان سئحیر اوخویوب، انسان صیفتینه دوشدو.	m3	book2
3327	او دوه‌نی شفتن اؤزو دئدیگی قیمته آلیب اووساریندان توتاراق گئتمک ایسته‌دیگده، شفتن دئدی:	m3	book2
3341	اورادان اوچوب قنی شاهین باشینا قوندو.	m3	book2
3355	– اوغلان، سؤیله گؤروم، بو واقعه‌نین سببی نهدیر ؟	m3	book2
3369	خان اوغلان راضی اولوب، بیر قدر سرباز ایله سوسه‌نین مکانینا گئتدی.	m3	book2
3383	اون دؤرد هؤروک سیاه زولفو دال گرده‌نینی بوروموش، انسان گؤرنده واله اولور.	m3	book2
3397	بو یاندان پسته خانیملا سوسن قیرخ اینجه قیز ایله آتاسی‌نین باریگاهینا گئتدی.	m3	book2
3411	– آی آرواد، هئیبه‌یه بیر آز جاددان، شوردان قوی، سفره گئد‌جیم.	m3	book2
3425	چوبان او ساعت بیلکلرین چیرمالاییب بیر نئچه قویون ساغدی، بیر قابلاما سود گتیریب قویدو بختیارین قاباغینا.	m3	book2
3439	– آی آرواد، دلی-زاد اولمامیسان، اوّلا خالخ کیمدی، من چوبان اولام.	m3	book2
3453	آیاغا دوروب او یانا، بو یانا باخیب گؤردو کی، کیم ایسه قالانین باشیندان چاغیریر.	m3	book2
3467	بیر آز سورا اؤزون ییغیشدیریب دئدی:	m3	book2
3481	بیر آز چؤرکدن-زاددان یئدیلر، دینجلدیلر.	m3	book2
3495	دره‌لردن یئل کیمی، تپه‌لردن سئل کیمی آت قوووب گون آخشام اولاندا بیر شهره چاتدیلار، آتلارین سوروب بیر کاروانسارایا دوشدولر.	m3	book2
3509	– قیبله‌ی-عالم ساغ اولسون، اوننان هاسان نه وار ؟	m3	book2
3523	– بختیار، قادان آلیم، نییه بئکئفسن، بورادا کی، بیر پیس شئی یوخدو، نییه داریخیرسان.	m3	book2
3537	گوجنن آروادینی الیندن آلا بیلمزسن، سببسیز اؤلدوره ده بیلمزسن، ائل نه دئیر ؟	m3	book2
3551	اوچ گون، اوچ گئجه یول گئدیب چیخدی همن دئو پادشاهین تورپاغینا.	m3	book2
3565	– آی باجی، اوردان بورا گلمیشیک، سن چیممه‌سن، بیز ده چیممییه‌جییک.	m3	book2
3579	بو قیزین دا آدی حوری‌زاد ایدی.	m3	book2
3593	– اوننان آسان نه وار، گئنه قاباقکی کیمی قوناخ گئدریک، گؤرریک.	m3	book2
3607	قیزلار گؤردولر بختیار چوخ مأیوسدی، دئدیلر:	m3	book2
3621	بختیار بونلاری گؤرنده پادشاه دا، گول ده – هر شئی یادیندان چیخدی.	m3	book2
3635	گؤردو نه، بو دفعه‌‌ بیر قیز گتیریب کی، او بیریلری بونون یانیندا هئچ ندی.	m3	book2
3649	گرک نه تهر اولسا اونو گتیره‌سن.	m3	book2
3663	تئز قوجانین یئرین آشدی، پامبیغین ديَیشدی، قیز دئین کیمی راحت ائله‌دی.	m3	book2
3677	ائله کی گؤله یاخینلاشدیلار، بختیار پامبیغی آتدی گؤله، گؤلون سویو او ساعت کؤپرویوپب قالخدی.	m3	book2
3691	هر کیم منیم سودومو یئسه، همیشه جاوان اولار.	m3	book2
3705	خبر پادشاها گئتدی کی، آتلار بئله-بئله قاچدی.	m3	book2
3719	منه دئییر کی، گرک او دونیادان گئدیب آتا-آنامنان بیر خبر گتیره‌سن، گتیرمه‌سن قیرخ گوننن سورا بوینووو ووردورئجییم.	m3	book2
3733	خانیم بوننان سوروشدو کی، پادشاهین آتاسینی گؤرموسنمی ؟	m3	book2
3747	اؤزلری کاغیذ وئریب، بودی باغلامادادیر، آچین اوخویون.	m3	book2
3761	ائله عدالتنن پادشاهلیق ائله‌دی کی، جماعت دئدی:	m3	book2
3775	محمّد قانتر ایچینده ائوه دؤندو و آناسینا دئدی:	m3	book2
3789	– سن تا آغ دیوی اؤلدورمه‌سم، منی آپارا بیلمییه‌جکسن.	m3	book2
3803	وزیر محمّدی تورا سالماق ایسته‌ییردی.	m3	book2
3817	بیر خئیلاق دوزنگاه گئده‌جکسن، سورا قاباغیوا گوللوک گله‌جک.	m3	book2
3831	– وزیر، بو باغ، بو جئیران، بو اؤردک، بو دا من.	m3	book2
3845	قیز ایله محمّد گمییه مینیب جزیره‌یه چاتدیلار.	m3	book2
3859	بیر گون اؤیئی آنا همن باخچادا پالتار قازانی آسیب، پالتار یویوردو.	m3	book2
3873	ایسکندری ده گؤتوردو گلدی، بازاردان بیر صاندیق دا آلدی، دئدی:	m3	book2
3887	– آرواد، الله-تعالا بیزه بیر اوغول کرامت ائلیییب.	m3	book2
3901	بیر گون مکتبدن چیخاندا پادشاهین وزیری گزیشیردی، ایسکندری گؤردو، گلدی بونو بیر آز دانیشدیردی، گؤردو چوخ عاغیللی، چوخ قاناجاخلی، معرفتلی بیر اوشاخدی.	m3	book2
3915	خؤرگی یئدیلر، ایشدیلر، همن خونچانی دولدوردولار قیزیلنان، ایسکندر گتیردی ائولرینه.	m3	book2
3929	پادشاه دوردو دیوان‌خانانی باغلادی، گلدی ائوینه.	m3	book2
3943	– بیلمیرم، خلاصه‌‌‌، نه قدر ائله‌دی، آرواد دئمه‌دی.	m3	book2
3957	سحر وزیر ایسکندری گتیردی پادشاهین یانینا.	m3	book2
3971	– قیبله‌ی-عالم، گل بونا بیر یونگول قوللوخ وئرک، ائله الیمیزین آلتیندا دولانسین، او دوننوغو وئرک اونا.	m3	book2
3985	اون بئش گون یحیی خؤرگی آپاریردی، اوتوروپ صؤحبته باشلیییردیلار.	m3	book2
3999	قیز آدام گؤندردی کی، گئدین گؤرون نه ایشه گلیب، بیزینن دعوامی ائلیییر، یوخسا باشقا ایشه گلیب.	m3	book2
4013	– قارداش، گل سن گئت، یاواشجا سویون گیر منیم یئریمه، من ده گئدیم، اللها پناه.	m3	book2
4027	ایسکندر قیلینجی قالخیزیب ائله ووردو کی، پهلیوان ایکی بؤلوندو.	m3	book2
4041	مئیوه‌‌لردن-زاددان نه قدر یئدی، گؤردو ائله آجیننان اؤلور.	m3	book2
4055	– ایندی یحیی خؤرک یئییلنده گلیب آرالیخدا گز‌جک کی، گؤروم کیمین خؤرگی آزدی، یاغلیدی، یاواندی.	m3	book2
4069	گئتدیلر اونو دا گتیردیلر، باخدی دئدی:	m3	book2
4083	بیر ده گؤردو، آتاسی الینده آفدافا-لین، آناسی دا الینده خونچادا خؤرک گتیریر.	m3	book2
4097	وزیر عرض ائدیر کی، باشقا هر نه امرین وارسا یئرینه یئتیریم.	m3	book2
4111	آدام-بادام اییسی گلیر، یاغلی بادام اییسی گلیر، قاطیر گلر دیرناق سالار، قوش گلر قاناد سالار، دئ گؤرک بورایا کیم گلمیش ؟	m3	book2
4125	آنالاری ایسه جواب وئریر کی، بورایا کیمسه گلمه‌میش، یقین داغدا، داشدا آدام تاپیب ییمیسینیز، ایندی ایگیسی دیشلرینیزین دیبیندن گلیر.	m3	book2
4139	آنالاری جواب وئریر کی، بورایا کیمسه گلمه‌میش.	m3	book2
4153	بیر مدت گلدیکدن سورا اؤز شهرلرینه یاخینلاشیر.	m3	book2
4167	– گونشین قاباغیندا قالمیش، اونون اوچون قارالمیش، – دئییب جواب وئریر.	m3	book2
4181	اوستوندن بیر آز یئییب قالانینی ساخلاییر.	m3	book2
4195	بو حالدا قاری گیزلندیگی یئردن تئز چیخیب قیزی دوتور.	m3	book2
4209	بو حالدا شاهزاد‌یه خبر وئریرلر کی، بیر آت دا فیلان قاریدا وار.	m3	book2
4223	خلاصه‌‌‌، آروادلار، قیزلار مونجوقلاری گتیریب اورتایا قویور.	m3	book2
4237	بیتدیم اولدوم گول آغاجی – اینجیم، دوزول، دوزول.	m3	book2
4251	آت اونو داغا، داشا چیرپیب، پارچا-پارچا ائلیییب اؤلدورور.	m3	book2
4265	گئجه‌نین بیر وختی گؤرور کی، باغا بیر زوربا دئو گلدی.	m3	book2
4279	قیزلار بونو گؤرنده قورخویا دوشوب بونا دئییرلر:	m3	book2
4293	قارداشلارین منی گؤرسه‌لر، آرتیق سنی یوخاری چکمزلر، سن بورادا تلف اولارسان.	m3	book2
4307	بیر قدر گئتدیکدن سورا قاباغینا بیر قارا قویون، بیر آغ قویون چیخیر.	m3	book2
4321	بیر قدر یاتدیقدان سورا قوش بالالاری‌نین باغیرتیسینا یوخودان قالخیب گؤرور کی، بیر ایلان آغاجا قالخیب قوشون بالالارینی یئمک ایسته‌ییر.	m3	book2
4335	قیز شاهزاد‌نین سؤزونو تصدیق ائدیر.	m3	book2
4349	شاهزاده بوچاغی چیغاردویب اؤز بودوندان بیر پارچا کسیب قوش ائدنده اونا وئریر.	m3	book2
4363	– من اؤلندن سورا ملیک جمشید، اوندان سورا ملیک احمد و اوندان سورا ملیک محمّد پادیشاه اولسون، مملکتین هر بیر سمتینه گئتمگه اختیارینیز وار.	m3	book2
4377	ملیک محمّد قوشون اهلینه قارداشلاری کیمی وصيّت ائدوب دئییر:	m3	book2
4391	هر کس دانیشدیرا بیلمسه، اونی زیندانا سالسین.	m3	book2
4405	طوطو سؤیله‌دیگی کیمی قاپیدان داخیل اولاندا خلوت قوشو بوراخیر، قوش دا گلیب گوزگونون دالیندا گیزله‌نیر.	m3	book2
4419	قانیر کی، بو یولداشلاری‌نین ایشیدیر.	m3	book2
4433	اودور کی، قاپیدان گیرنده سلامینی وئرنده پرد‌یه وئررسن، حِکایه‌‌نی ده اوندان ایسترسن.	m3	book2
4447	بونلار بیر گون بیر یئرده اوتوروب صؤحبت ائتدیکلری اثناده کتاب صاحبینه دئییرلر کی، باخسین گؤرک دونیاده نه احوالت اوز وئرمکددیر.	m3	book2
4461	قیزین ایکینجی دفعه‌‌ دانیشماغینی گنه ده پادیشاها خبر آپاریرلار.	m3	book2
4475	ایندی، ملیک محمّد، سؤیله گؤروم، گردنبند کیمه چاتاجاقدیر ؟	m3	book2
4489	بو اوغلانا دا درس وئریب اؤرگتدی.	m3	book2
4503	– بالا، آخی من یئرییه بیلمیرم، قیچلاریم آغریییر.	m3	book2
4517	پادشاها جماعت بو سود ا‌منن هر گون شیکایت ائلیییردی.	m3	book2
4531	گؤردولر، بونون بؤیرونده ده بیر قالاچا وار.	m3	book2
4545	ائله بیل هئچ بو دویو آرتدانمیییب.	m3	book2
4559	خؤرگی حاضیرلادی دمه ویردی، آخشام اوچو ده ییغیشدیلار خؤرگی یئدیلر گؤردولر بو خؤرک ده اونون کیمیدی.	m3	book2
4573	سحر آچیلدی سود ا‌من دئدی:	m3	book2
4587	چکدیلر، چؤلده صاندیغی آشدیلار، گؤردولر ایکی قیزدی کی، یئمه-ایشمه، بونلارین خطی-خالینا، گول جامالینا تاماشا ائله.	m3	book2
4601	گونده بیر آدامینان بیر نیمچه آش گئدیر، بیر گون سو بوراخیر بیزه.	m3	book2
4615	بو گلیردی، من اؤلدورموشم، او گلیردی، من اؤلدورموشم.	m3	book2
4629	او اوغلان اؤلدوردو آتدی بیزه، یئدیک یاریسین دا سنه ساخلادیق.	m3	book2
4643	بئله-بئله آتیردی، یاویخلاشاندا جمدیی آتاندا بیردن جمدک دوشدو یئره.	m3	book2
4657	سود ا‌من گؤردو جار چاغریلیر کی، جماعت ییغیلسین مئیدانا.	m3	book2
4671	گونه بیر منزیل، طی-منازیل، گلدی چیخدی بیر شهره.	m3	book2
4685	بونلار اوخون دالینجا یویورنده، محمّد سیرفانی، تاجی گؤتوردو، میندی خلچییه.	m3	book2
4699	ائوه قوناق گلنده دئییردی، قیرخ خلچه توت، توتوردولار.	m3	book2
4713	من ده او بیری آتی میندیم بونون دالینجا قاراباقارا گئتدیم.	m3	book2
4727	عمیم قیزی گول او ساعت دوردو چیخدی.	m3	book2
4741	قیرخ گون تامامیندا بونلار گیلئیلهشیب آیریلدیلار.	m3	book2
4755	او ساعت بارماغین دیشله‌دی کی، بونو او چپل بو حالا سالیب.	m3	book2
4769	گلدیم بو قاری‌نین اوینین بؤرونه.	m3	book2
4783	– چپل، من دئدیم بو سیر چؤله چیخماسین، تا ایندی کی چیخدی، سنین قالماغین لازیم دئییل!	m3	book2
4797	بیر ده گؤردو محمّد دئدی:	m3	book2
4811	بو اوچ قووونو قیزیل مجمه‌یه‌یه قویوب آتالاری اوچون یوللادیلار.	m3	book2
4825	ملیک دوچار مئیمونو اوینه آپاریب بیر طرفده باغلادی.	m3	book2
4839	قارپیزی آلیب گون چیخان طرفه گلدی.	m3	book2
4853	اونون دا آداخلیسی مئیمون اولدوغو اوچون گلیب پرت قالاجاق.	m3	book2
4867	بالدیزلار بونو گؤروب، بولار دا دوگونو قوللارینا تؤکورلر.	m3	book2
4881	ملیک دوچار خالچایا مینیب پاپاغی باشینا قویدو:	m3	book2
4895	بیر گون پریلر خانیمی گنه طعام یئییردی.	m3	book2
4909	ملیک دوچار گؤردو بیر طرفده بیر قیزیل زنجیره ایت باغلانیب.	m3	book2
4923	آتلار کیشنه‌دی، بو سسه هامی بایرا چیخدی.	m3	book2
4937	– من بیر سؤز دئمیرم، آنجاق منه بئش دقیقه مؤهلت وئر کی، بایرا چیخیم.	m3	book2
4951	– آخی، آتان بویوروب کی، گرک بیر قیزیل بالیق گتیر‌سن.	m3	book2
4965	– قاری ننه، ائله من سنه اولوم اوغول، سن ده اول منه ننه، بیردا دولاناخ.	m3	book2
4979	– آغام دئییر، بو آلتی شاهییا یاریم پوت دویو وئرسین.	m3	book2
4993	بولود بو شهره بیر ولوله سالدی.	m3	book2
5007	گؤردو، اوزونون بیر طرفینه لکه دوشوب.	m3	book2
5021	بولود دا بونلارین یانیندا، هر اوچو دوشدولر یولا.	m3	book2
5035	– اوندا، آلا بو پولو، بورا بیر اوغلاننان بیر قیز توتوپ گتیریبلر، اونون یئرین تاپیب، منه دئیه‌سن.	m3	book2
5049	اگر دینسه، شهری آلت-اوست ائدیب ویران قویاجاق.	m3	book2
5063	– بیزیم پادشاهیمیز اوچ قریبه توتوب گتیریب، اونا گؤره قارا گئیینمیشیک، بیز قریبه چوخ حؤرمت ائلریک.	m3	book2
5077	آیری هئچ بیر شئینن بونون عهد‌‌سینن گله بیلمک اولماز.	m3	book2
5091	گؤردون کی، یئدی اؤلدو، اوندا دور آتانی اؤلدور، یئرینده پادشاهلیخ ائله.	m3	book2
5105	هر کس پاپاغی باشینا قویسا ایدی، کیمسه اونو گؤر‌مزدی.	m3	book2
5119	بو حالدا، پادیشاهین قیزی‌نین الی ديَیب اوغلانین باشیندان پاپاغی دوشور، اوغلان ظاهر اولور.	m3	book2
5133	بو حالدا اوغلان پادیشاهین حوضورونا گلیب عرض ائدیر کی، قیزینی منه وئر، سیزی بو بلادن خلاص ائدیم.	m3	book2
5147	پادشاه اوندان خک اندازی نئجه قیزیل ائله‌مه‌سینی سوروشدو.	m3	book2
5161	گئت درویشلیک ائله، آیری پئشه گؤر، سن منیم پئشمی اؤیرنه بیلمزسن.	m3	book2
5175	– من بیر یئرده دایانان آدام دئییلم اونو آلیب ساخلایام.	m3	book2
5189	پادشاه آروادین دیشینی چیخارتدیب جیبینه قویدو.	m3	book2
5203	بیر واخت پادشاه گؤردو دئو بؤیوک بیر آدامی ووروب، قویون کیمی شاققالادی، شیشه چکیب اودون اوسته قویدو کی، بیشسین.	m3	book2
5217	– سن دئوی اؤلدوردون، بیزی اؤلومدن آزاد ائله‌دین.	m3	book2
5231	– بو گون قوناغیمیز یوخدور، گئت آش بیشیر، حاضیر اولاندا منی ده چاغیر یئیک.	m3	book2
5245	الله یولوندا بو دوه‌لرین آلتیسینی منه وئر، اهلی-عیالیم آجدیر.	m3	book2
5259	او آلتی دنه دوه‌نی آپاردی فاغیرفوقرایا پایلادی.	m3	book2
5273	– واللاه یولدا قاباغیمی بیر شیر کسیب گولو الیمدن آلدی، بیر بوداغینی وئردی.	m3	book2
5287	باخین، حیطده‌کی اوتون اوستونه قویولموشدور، – خبر وئریر.	m3	book2
5301	دئمه کی، بوراسی پادیشاهین طؤله‌سی ایمیش.	m3	book2
5315	پادیشاهین بونلارا رحمی گلیب خبر آلیر کی:	m3	book2
5329	خییال ائدیر کی، یقین خرگین آراسینا داش دوشموش.	m3	book2
5343	آرواد بونلارا آدام شکلینده بیر پارچا موم وئریب دئییر:	m3	book2
5365	سحر تئزدن آرواد سهنگی گؤتوروب بولاغا سویا گئتدی.	m3	book3
5379	اودونچونون آروادی هاچاندان-هاچانا اؤزونه گلیب گؤزلرینی آچدی، گؤردو کی، بالاجا بیر اوتاقدی.	m3	book3
5393	– ای قیزلار، بیلین و آگاه اولون!	m3	book3
5407	آرواد باشینا گلن موصیبتی ارینه دانیشدی.	m3	book3
5421	آرواد یالواریب-یاخاریب، بیر تهرله جانینی کیشی‌نین الیندن قورتاردی.	m3	book3
5435	بیر طیلسیم اوخویوب قاراقاشی ائله‌دی بنی-انسان.	m3	book3
5449	– ای، ولدالزنا، بوگونکو خؤرگین نییه آزدی ؟	m3	book3
5463	قاراقاش اؤزون یئتیردی پادشاهین خزینه‌سینه.	m3	book3
5477	پادشاه قیزی پری الین اوزادیب توتدو قاراقاشین بیله‌ییندن، بیر اسم عظم اوخویوب قاراقاشین بیله‌یینی ائله سیخدی کی، قاراقاش چیغیریب اولدو اون بئش یاشیندا گؤزل بیر اوغلان.	m3	book3
5491	قاراقاش ایشلری بو حالدا گؤرنده پرییه اورکدن اینانیب دئدی:	m3	book3
5505	وزیر بیر گون سحر نمازیندان قاباق ال قابینا چیخمیشدی.	m3	book3
5519	– فیرنگ پادشاهی دئییر کی، یئددی ایلین باج-خراجینی وئرسین.	m3	book3
5533	– ایندی کی، بئله‌دی، دور منی آپار اورایا، گؤروم بو نئجه اولان ایشدی.	m3	book3
5547	پادشاه دا چیخیب ائیوانیندان تاماشا ائدیردی.	m3	book3
5561	گؤردو کی، خئیر، بو بیر قاریش بوی ائله آغیر شئیدی کی، بونو یئریندن ترپتمک مومکون دئییل.	m3	book3
5575	قاراقاش ایذین آلیب دوشدو یاساوولون قاباغینا.	m3	book3
5589	قاراقاش اوچون آدام گلدی کی، پادشاه حاضرلیغین گؤروبدو.	m3	book3
5603	فیرنگ قوشونو حاضرلیق گؤردو، قاراقاش دا بو طرفدن قیلینجین سیییریب حمله‌‌ ائله‌دی قوشونا.	m3	book3
5617	پادشاه راضی اولدو، تداروک گؤروب قاراقاشی قوناق چاغیردی.	m3	book3
5631	گیریب باغا، بیر خئیلی گزیب دولاندی، گؤردو کی، باغین بیر گوشه‌سینده قاراقاشلا پری خانیم یاتیبلار.	m3	book3
5645	نئچه واختدی کی، سنین یولونو گؤزله‌ییردیم.	m3	book3
5659	قاراقاش قوجانی دفن ائله‌ییب گئتدی.	m3	book3
5673	– ای اوغول، نئچه واختدی سن هارداسان ؟	m3	book3
5687	– او قیزی نئجه اله گتیرمک اولار ؟	m3	book3
5701	پری خانیم باخیب گؤردو کی، آتاسی بوندان ال چکمه‌یه‌جک، علاجی کسیلیب آتاسینی ایتله‌ییب آتدی باییرا.	m3	book3
5715	هر ایکیسینی جهنّمه واصیل ائله‌دی.	m3	book3
5729	– رمّال، دونیانین بوتون لذّتینی چکمیشم.	m3	book3
5743	اؤز آداملاریندان دؤرد نفر چاغیریب اونلار اوچون معاش آییریب دئدی:	m3	book3
5757	– گل الله امر ایله بیر عهد-پئیمان ائدک!	m3	book3
5771	باغبان باخدی، گؤردو کی، بو اوشاق آرایا چیخمالی اوشاق دئییل.	m3	book3
5785	دشکووار چوخ غمگین اولدو، آمّا اینانمادی.	m3	book3
5799	باغبانین آروادی قالدی چؤللو-بری-بیاباندا، اوشاغی دا آغاجین آلتیندا.	m3	book3
5813	سیمورق قانادینی آچیب، آلدی باغبانین آروادینی قانادی‌نین آلتینا.	m3	book3
5827	– گؤیله گئدیردیم، گؤردوم بیر چؤللو-بری-بیاباندا قوجا بیر آغاج بیر یانی اوسته ییخیلیب.	m3	book3
5841	ائنیب مئشه‌یه گؤردو کی، باغبانین آروادی قورخوسوندان چیخیب لاپ آغاجین باشینا.	m3	book3
5855	– سیمان آت ایسته‌ییر، پهلوان پالتاری ایسته‌ییر.	m3	book3
5869	چوبان شهره گئدیب تاجیری تاپدی، اوزویو تاجیره وئریب، نئجه کی، سیمورق دئمیشدی، ائله ده تاجیره دئدی.	m3	book3
5883	گؤردو کی، سیمان باشینی قویوب آناسی‌نین دیزی اوسته، یاتیبدی.	m3	book3
5897	گورزو آتیب یئره، ال ائله‌دی قیلینجا.	m3	book3
5911	سیمان پهلوانی اؤلدورندن سونرا آتا مینیب گلیردی شهره طرف کی، اومباسی چیخان پهلوانی توتوب اؤلدورسون، بو دمده گؤردو قاباقدا بیر توز قوپدو.	m3	book3
5925	سو ووروب اوزونه، شاه دشکوواری آییلتدی.	m3	book3
5939	خبر سنه وئریم کیمدن، خبری سنه وئریم شاه دشکوواردان.	m3	book3
5953	شاه دشکووار گؤردو کی، ایش شولوقدو.	m3	book3
5967	آت باشی سالدیلار، باشلادیلار سورمه‌یه.	m3	book3
5981	غوّاصین آتی گولـله کیمی گلیب یئتیشینجه غوّاص چکیب قیلینجینی ایسته‌دی کی، ائندیره سیمانین تپه‌سین، سیمان الینی قالدیریب، یاپیشدی غوّاصین بیله‌ییندن، قاپیب قیلینجینی آلدی، قالخیزیب غوّاصی یوخاری، ائله ووردو یئره کی، هئچ تیکه‌سی ده اله کئچمه‌دی.	m3	book3
5995	دزیوار قالاچادان باخیردی، گؤردو کی، هئچ بنی-آد‌مه اوخشامیر.	m3	book3
6009	شاه دشکووار خبری صحیح بیلیب قورخوسوندان آدام گؤندردی پیشواز ائله‌دیلر، سیمانی گؤتوروب گتیردیلر.	m3	book3
6023	سحر تئزدن خبر گلدی کی، فیرنگین قوشونو گلیب، شهرین بیر آغاجلیغیندادی.	m3	book3
6037	وزیر ائشیتدی کی، سیمان ساغ-سلامات داوادان قاییدیب، باشلادی یانیب تؤکولمه‌یه.	m3	book3
6051	گؤردو کی، جئیرانی توتا بیلمه‌یه‌جک، کمند آتدی.	m3	book3
6065	آز گئدیب چوخ دایاندی، چوخ گئدیب آز دایاندی، گلیب چاتدی بیر دوزنگاها.	m3	book3
6079	– ایندی کی منه پناه گتیریبسن، راضییام، گل گئدک!	m3	book3
6093	آز گئدیب چوخ دایاندیلار، چوخ گئدیب آز دایاندیلار، گلیب چاتدیلار بیر شهره.	m3	book3
6107	سیمان دایانمیشدی، گؤردو کی، ایکی دنه ده دیو گلیر.	m3	book3
6121	خبر گئتدی دیو فیروزه کی، سیمان گیریب شهرین ایچینه.	m3	book3
6135	دیو فیروز خبر توتسا سنی اؤلدورر.	m3	book3
6149	سیمان دوشدو آتدان، آداملاری دارچی‌نین الیندن آلیب آزاد ائله‌دی.	m3	book3
6163	خان-خانی-چین گلیب یئتیشدی سیمانین موقابیلینه، دئدی:	m3	book3
6177	ایسته‌ییرم کی، سیمانی دا گؤتوروب ایگیرمی گونون سیاحتینه گئدم، قوشون حاضرلا!	m3	book3
6191	دوروب اژداهانین برابرینده، چکیب قیلینجی تا بایاق اژداهانی ایکی بؤلوب، جهنّمه واصیل ائله‌دی.	m3	book3
6205	دووشان اؤزونو تئز سالدی خان-خانی-چینین نار باغینا.	m3	book3
6219	تئز کیچیک باجیسی‌نین دئدیگی نیشانه‌لری گؤزونون قاباغینا گتیریب، اؤز-اؤزونه دئدی:	m3	book3
6233	خان-خانی-چین چوخ یورولموشدو، اؤز-اؤزلویونده دئدی کی، گئدیب بیر آز نار باغیندا مئیوه‌‌ یئییم.	m3	book3
6247	خان-خانی-چین وزیرین بو حیله‌‌‌سیندن راضی اولوب دئدی:	m3	book3
6261	تئز سیمورق داوا-درمان ائله‌ییب، سیمانی آییلتدی.	m3	book3
6275	– اوجوبینیخ پادشاهی یئر اوزونده چوخ مؤحکم پادشاهدی.	m3	book3
6289	– سیمان آدلی بیر پهلوان پئیدا اولوب، خان-خانی-چیندن پری­دوخ خانیمی ایسته‌ییر.	m3	book3
6303	سیمان نره چکیب دیزین ووردو یئره، یاپیشیردی پهلوانین کمریندن، باشلاییردی خیش کیمی یئرله سورمه‌یه.	m3	book3
6317	قورخودان دانیشماییب، وزیرله اوجوبینیغین باشین گیزلیجه طوللاتدیریب، سیمانا بیر اوتاق وئردی کی، اورادا راحت اولسون.	m3	book3
6331	سیمان پری­دوخ خانیمی یاواشجا یئره قویدو.	m3	book3
6345	نئچه گون، نئچه گئجه یول گئدیب، آخیردا چاتدی اوجا بیر قالاچایا.	m3	book3
6359	بونلار قالاچایا طرف گلمکده اولسون، دیو آدامزاد باخیردی، گؤردو کی، بؤیوک بیر قوشون دسته‌سی پئیدا اولدو.	m3	book3
6373	ائشیتدی کی، گلیر، هر طرفدن سولاری قورودوب، طیلسیمدن بیر اودان دوزلتدی.	m3	book3
6387	دیو آدامزادی سیمورق میندیردی دالینا، گؤتوروب گلدی جینلر شهرینه.	m3	book3
6401	سیمان تئز قیلینجی ایسته‌دی ائندیره آروادین تپه‌سیندن، آرواد توز اولوب گؤزدن ایتدی.	m3	book3
6415	سیمان چکدی قیلینجی آتدی، قیلینج ديَدی سیچانین قویروغونا، قاچدی.	m3	book3
6429	سیمان میندی سیمورقون دالینا، سیمورق قالخیب گؤیه، سیمانی گؤتوروب چیخارتدی چوبانین یانینا.	m3	book3
6443	دیو آدامزادی پری­دوخ خانیمین یانیندا قویوب، گیردی شهره.	m3	book3
6457	گلیب چادیرا گیردیکده، باخیب گؤرور کی، چادیرین دالیندان بیر قیزیل ایلان گیریب اوغلونو چالماق اوزره‌دی.	m3	book3
6471	هرگاه یولداشین چؤرگین چوخ حیصّه‌‌‌سینی سنین قاباغینا قویسا، اونونلا یولداش اول، یوخ، قاباغینا قویماسا، اوندا اوندان آیریل!	m3	book3
6485	اوغلان گؤرور کی، آناسی‌نین وصيّت ائله‌دیگی کیمی یولداشلیغا لاییق بیر اوغلاندی.	m3	book3
6499	پادشاها خبر گئدیر کی، ائلچی گلیب.	m3	book3
6513	خلاصه‌‌‌ قاییدیب اوغلانی قیزین یانینا گؤندریر.	m3	book3
6527	قیلینجین چکیب اوّل دوه‌نی، سونرا قاطیری اورتادان یاری بؤلور.	m3	book3
6541	بوندان سونرا شاهزاده آتاسی‌نین ویلایتینه گلیر.	m3	book3
6555	کیمی ایسته‌سن اونا دا گئده بیلرسن.	m3	book3
6569	گیریب باغا گؤردو کی، هئچ کس یوخدو.	m3	book3
6583	الینده‌کی عطیرلی یایلیغی چکیب ابراهیمین اوزونه، اوتوردو باشی‌نین اوسته.	m3	book3
6597	گؤز گؤروب، کؤنول سئویب، آتام مین دئیه، من سنینم کی، سنین.	m3	book3
6611	پادشاه پرینوشون ناخوش اولماسین بیلیب، دوروب گلدی قیزی‌نین یانینا.	m3	book3
6625	پادشاه راضی اولوب ابراهیمله کاغیذ باغلاشدیلار، آدام گؤندردی قیزی‌نین یانینا.	m3	book3
6639	– پادشاه مندن یئددی داغ آلماسی ایسته‌ییر.	m3	book3
6653	– ای ابراهیم، آنان ماته‌مینده اوتورسون!	m3	book3
6667	ابراهیم طیلسیمی اوخویوب اولدو بیر قوش، قاناد چالیب قالخدی گؤیه، گلیب چاتدی همین یئره.	m3	book3
6681	– ابراهیم، گرک نیل قولونا گئدیب یانان اسکیلردن منیم اوچون گؤتوره‌سن.	m3	book3
6695	درویش اولوب تازی ابراهیمی توتماق ایسته‌دی.	m3	book3
6709	گولنار خانیم قنداهار پادشاهی‌نین ملیک ممد آدیندا بیر اوغلو وار ایدی.	m3	book3
6723	قارین اوستونده بیر یئره قان تؤکولموشدو.	m3	book3
6737	بیز ده بو قوجا کیشینی بورادا ساخلاریق.	m3	book3
6751	قیز گولنار خانیمین بئله فیکیرده اولدوغون باشا دوشوب، دئدی:	m3	book3
6765	بونو دئییب اورتانجیل باجیسینا نامه یازدی، وئردی گولنار خانیما، یولو-زادی دا اونا گؤستردی.	m3	book3
6779	بلی، گولنار گلیب چیخدی اوچونجو باجی‌نین قالاچاسینا.	m3	book3
6793	بیر ده کی، اؤیرنسین گؤرسون دیوین جانی نددی.	m3	book3
6807	باخدی کی، بوردان ایچرییه گیرمه‌یه هئچ بیر یول یوخدو.	m3	book3
6821	آمّا باخدی کی، اوخویوب تاماملایا بیلمه‌یه‌جک.	m3	book3
6835	بو، گولنار خانیمدی، باشین اؤرتوب یاتمیشدی.	m3	book3
6849	گولنار نه قدر یالواردی، گمیچی بونو گمییه گؤتورمه‌دی کی، گؤتورمه‌دی.	m3	book3
6863	تا پادشاهین گؤزو دونیانی گؤرمه‌دی.	m3	book3
6877	بو شهرده لوتو عباس آدیندا بیر دللک وار ایدی.	m3	book3
6891	بلی، پلت قاپیسین آچدیلار، لوتو عباس دا بویوردو ایچری.	m3	book3
6905	گولنار دا ائله او گون ایکینجی خلینی کسمیشدی.	m3	book3
6919	نامرد قیزی باغلادیلار بیر دلی قاطیرین قویروغونا.	m3	book3
6933	تا آتا ایله قیزین، لـله ایله ملیک ممدین گؤروشمه‌لرینی اؤزونوز حِسابلایین.	m3	book3
6947	بیر گون پادشاهین قاپیسینا بیر درویش گلیب، بیر قصیده‌‌‌ دئدی.	m3	book3
6961	تئز داماری گؤتوروب اونون دؤشونده اولان یاریغا قویدو، اوشاق آسقیریب دیریلدی.	m3	book3
6975	آچارلاری گؤتوروب اوتاقلاری بیر-بیر آچماغا باشلادی.	m3	book3
6989	چونکی بونلارین وار-یوخ بیرجه اوغوللاری واردی، اونو دا چوخ ایسته‌ییردیلر.	m3	book3
7003	آخیردا جانتیق قیس-قیوراق گئییندی، اوخ-یاراغینی گؤتوردو، قیلینجی بئلینه باغلادی، پری خانیمین دالینجا گئتمه‌یه حاضرلاشدی.	m3	book3
7017	بلکه اوچو کؤمکلشیب پری خانیمی گتیره بیلسینلر.	m3	book3
7031	بیر گئجه اولماسین، اون گئجه اولسون، یئره نه گلیب.	m3	book3
7045	گؤردو بودو بیر گؤزل قیز، باشیندا بیر نیمچه پلوو، اژداهایا طرف گلیر.	m3	book3
7059	پادشاه امر وئردی کی، “هر کیم اژداهانی اؤلدوروب، گلسین قیزیمی اونا وئره‌جه‌یم”.	m3	book3
7073	بو جاماعتی سوسوزلوقدان خلاص ائله‌میسینیز.	m3	book3
7087	– بیی، سیزه جانیم قوربان، یئریم ده وار، یوردوم دا وار، بیر گئجه اولماسین، اون گئجه اولسون، یئره نه گلیب.	m3	book3
7101	قیز تئز الینی قانا باسیب جانتیقین کورگینه باسدی.	m3	book3
7115	بیر ده گؤردو کی، قوجا یوخدو، قوجا غیب اولوب.	m3	book3
7129	ائله کی، قاپیدان چیخدی، گؤردو کی، بوتون یئر، گؤی، داغ، داش، آغاجلار، مئشه‌لر، ائولر هامیسی چاغیریرلار .	m3	book3
7143	پادشاهین باغبانی بیر گون قیشدا باغا گئدیر، گؤرور کی، باغ ائله اوزوم گتیریب کی، مئینه‌لر باشین یئره قویوب.	m3	book3
7157	قاریلار جانتیقله پری خانیمین بو شهره تزه گلدیگینی و پری خانیمین گؤزللیگینی پادشاها دانیشدیلار.	m3	book3
7171	ائله کی، قاری یاخشی اولدو، ایندی ده باشقا بیر جیلده گیریب جانتیقگیلین قاپیسیندا تسبئح قیریب مهور-جاناماز داغیتدی.	m3	book3
7185	یوخسا او منی ایستسیدی ایندییه کیمی اؤز آدینین معناسینی منه دئیردی.	m3	book3
7199	بو داماری گؤتورسه‌لر، من اؤلرم.	m3	book3
7213	ائیوای، یقین جانتیقین باشیندا بیر ایش وار.	m3	book3
7227	جانتیق او یانا، بو یانا باخدی، گؤردو دوغرودان دا پری خانیم یوخدو، تعجبلندی.	m3	book3
7241	گونه بیر منزیل، طی-منازیل گلیب گؤیده اولدوز تانییانین آروادی‌نین یانینا چیخدیلار.	m3	book3
7255	آنجاق هله ده اوندان بیر خبر یوخدو.	m3	book3
7269	تئز پادشاها خبر وئردیلر کی، دوغرودان دا جانتیق گلیب.	m3	book3
7283	– پادشاه ساغ اولسون، نه اولوب سنه، دئ، بلکه دردینه چاره ائله‌دیم.	m3	book3
7297	پادشاه بونو گؤرجک وعده‌‌سی یادینا دوشدو.	m3	book3
7311	ملیک جومشود ده اوشاقلیغیندان یامان آتباز اولدوغوندان شیرنیکیب گئتمیشدی.	m3	book3
7325	بونو دئییب کلّه‌‌ آتیلدی گیردی داشین آلتینا، درویشله اوغلان گلدیلر قالاچایا.	m3	book3
7339	ملیک جومشود کلّه‌‌نین دئدیکلرینی یادیندا ساخلامیشدی.	m3	book3
7353	ائله بیر آز گئتمه‌میشدی کی، همین کلّه‌‌ یئنه آتیلدی اونون قاباغینا:	m3	book3
7367	آلیشدیلار، وئریشدیلر، اوغلان باغبانا قوشقووان اولدو.	m3	book3
7381	سونرا بیر او یانا، بیر بو یانا باخدی، باشیندان قارینی چیخارتدی.	m3	book3
7395	بؤیوک باجیلاری بو کیچیک باجی‌نین مازاراتلیغینا بلد ایدیلر، اودو کی، راضی اولدولار.	m3	book3
7409	آداملار گلیب بیر-بیر اورادان کئچرلر.	m3	book3
7423	پادشاه بؤیوک قیزی ایله اورتانجیل قیزینا قیرخ گون، قیرخ گئجه توی ائله‌دی، هر‌سینه بیر عمارت آییریب وئردی، آمّا خیردا قیزینا هئچ توی-زاد دا ائله‌مه‌دی.	m3	book3
7437	کورکنلر باخدیلار کی، بو بیر عنتیقه اوغلاندی، اؤزو ده دئیه‌سن سؤوداگردی.	m3	book3
7451	من ده گؤتوروب گتیردیم کی، بیشیره‌سن یئیک.	m3	book3
7465	صاباحیسی امر ائله‌دی اونلاری تندیرسردن چیخاریب، اوندان بیر آز یاخشی، دیوارلاری چاتلامیش کؤهنه بیر سامان دامینا کؤچورتدولر.	m3	book3
7479	گئدیب ییخیلیب آیاق آلتدا قالیب اؤلرسن.	m3	book3
7493	بیر طرفدن اؤزو، بیر طرفدن آت، بیر طرفدن آسلان، بیر طرفدن قوش، داها اؤزون حِسابینی آپار، گؤر نه اولار.	m3	book3
7507	ملیک جومشود یئنه آرادان چیخدی، هئچ کس اونو تانیمادی.	m3	book3
7521	بیر ده گؤردولر کی، بودو اوّلدن کئچل بیلدیکلری ملیک جومشود همین قیرمیزی داوا پالتاری اینینده، همین آت آلتیندا، یانیندا آسلان، باشی‌نین اوستونده زومرود قوشو اونا کؤلگه‌لیک ائله‌یه-ائله‌یه لئی کیمی گلیر.	m3	book3
7535	آی کئچدی، گون دولاندی، گونلرین بیر گونونده اوغلان ائودن چیخیب بازارا گئدیردی، بیر ده گؤردو کی، یولون اوستونده بیر قوجا قاری دوروب آغلاییر.	m3	book3
7549	یاس توتدولار، قارا گئیدیلر، بوتون شهر یاسا باتدی.	m3	book3
7563	– عیبی یوخدو، اوندان اؤترو نییه اؤزونو سیخیرسان ؟	m3	book3
7577	کلّه‌‌نین دئدیکلری‌نین هامیسینی ائله‌ییب قارداشی ملیک جومشوده لاپ اوخشادی.	m3	book3
7591	دئمه پادشاها موشتولوق وئریبلر کی، کورکنین گلدی، او دا قوشونو، وزیر-وکیلی ییغیب کورکنی‌نین پیشوازینا چیخیب.	m3	book3
7605	قالدی آوارا کی، ایندی بو نه ائله‌سین ؟	m3	book3
7619	– آی بالا، بیزی بورادا گؤروب سحر بیر سیجیرر‌مه سؤز قوشارلار، گل حیطده اوخو!	m3	book3
7633	بونو دا پادشاه گلیب پیشواز ائله‌دی.	m3	book3
7647	آل توکومو، قورخما، گئت، لازیم اولجاق یاندیرارسان، من گلرم.	m3	book3
7661	ایت یئییب دویاندان سونرا، آرتیغینی قویدولار گؤیرچی‌نین قاباغینا.	m3	book3
7675	منیم بیر یاخشی آتیم وار ایدی کی، همیشه اونا کیشمیش یئدیردردیم.	m3	book3
7689	تا من باشیما نه کول تؤکوم ؟	m3	book3
7703	آز قالمیشدی کی، لوتونو ییخام، بیر ده باخدیم کی، اؤز آروادیم گول لوتویا کؤمک ائله‌ییر کی، منی اؤلدورسون.	m3	book3
7717	ائله من حیطه گیرجک ساچلارینی اوزونه تؤکوب قیشقیردی.	m3	book3
7731	آنجاق اورگیمدن گلمه‌دی کی، اونو باشقا حئیوان ائله‌ییم، دئدیم، سونرا پادشاهلیقدان ال چکیب بونلاری دا گؤتوروب چکیلدیم بو قالاچایا.	m3	book3
7745	قاری بیر افسون اوخودو، داشلار هامیسی اولدو آدام.	m3	book3
7759	پادشاهی اؤلدوروب اؤزو کئچدی اونون یئرینه، ایلشدی تاختدا.	m3	book3
7773	آرواد گؤردو یوخ، آز قالیب کی، چاتسینلار، بیر یئره، بیر گؤیه باخیب اوشاغی آتدی در‌یه.	m3	book3
7787	اوشاق شیر سودو ایله بسلندیگینه گؤره آدین قویدولار شیرزاد.	m3	book3
7801	شیرزاد عیش-عشرته مشغول ایدی، بیر ده پنجره‌یه باخدی گؤردو نه، دریایی- لشکردی کی، گلیر.	m3	book3
7815	– بالالاریم، سیز اوچونوز ده منیم بالامسیز.	m3	book3
7829	آپار بو لعلی قوی اون بیرینجی اوتاغا!	m3	book3
7843	آتین دهنه یویه‌نیندن دارتیب باشلادی یاواش-یاواش سورمه‌یه.	m3	book3
7857	– بوردان بیر آیلیق یولدا دیولر اولورلار.	m3	book3
7871	باخدی، واللاه، بونلار ائله گؤیرچیندیرلر کی، ائله بیر جوت گؤز لازیمدی کی، بونلارا تاماشا ائله‌سین.	m3	book3
7885	بیر، ایکی، اوچ، بئش سبد قورتاردی.	m3	book3
7899	آغ دیوین قیزی بو ساعت یئددی گونلوک یوخودادی.	m3	book3
7913	بیر ده الین سالدی، یئنه گوج وئردی، قیز یئریندن ترپندی، آمّا قالدیرا بیلمه‌دی.	m3	book3
7927	قیز بیر او یانا باخدی، بیر بو یانا باخدی، اؤزوندن باشقا هئچ کسی گؤرمه‌دی.	m3	book3
7941	– شیرزاد، بو آتی توتا بیلسیدیک من مینردیم، هم سن راحت اولاردین، هم ده من.	m3	book3
7955	شیرزاد قالدی مات معطل کی، بو نئجه ایشدی.	m3	book3
7969	سحر تئزدن شیرزاد عمیسی‌نین یانینا گئدیب آغ قوشون گئجه‌کی ایشینی اونا دئدی، اؤزو ده خواهیش ائله‌دی کی، آغ قوشو مملکتدن چیخارسین.	m3	book3
7983	– بو گئجه سنین یانیندا اونا گؤره یاتدیم کی، قیزین قارداشی قارا ایلان اولوب گلمیشدی سنی هلاک ائله‌سین.	m3	book3
7997	– منه بیر دنه زر-قوماشدان چارغات آل!	m3	book3
8011	تیکلری درویشین قورخوسوندان گؤتوروب، یئمک بهانه‌سینه آپاریب یاخاسیندان سالیردی جان کؤینیی‌نین ایچینه.	m3	book3
8025	قیز آیاغا دوراندا اتلر کؤینیی‌نین ایچیندن تؤکولدو یئره.	m3	book3
8039	قیز آیاغا دوراندا درویش باخدی کی، بو قیزدان ات دوشمه‌دی.	m3	book3
8053	لاپ هاندا هاندادی کی، نفسلری گئتسین، گلمه‌سین.	m3	book3
8067	بونو توتوب آپارارام جانیم قوربان، گؤزوم قوربانیما.	m3	book3
8081	اودو کی، اونون خطریندن کئچمه‌دی.	m3	book3
8095	قیزلار گؤردولر کی، ایش آچیلیب، تا گیزلنمکده بیر فایدا یوخدو، قوتودان چیخدیلار.	m3	book3
8109	قیزیللارا باخدی، گؤردو کی، اونلاردان دا گؤتورولوب.	m3	book3
8123	اتدن بیر شاققا آتدی آسلانا، بیر شاققا آتدی قاپلانا، پامبیغی بیر-بیر زینقیروولارا باسا-باسا چیخدی یوخارییا کی، سس اولماسین.	m3	book3
8137	قیزین پادشاهین اوغلوندان بیر قیزی اولدو.	m3	book3
8151	آخیردا یئددی ایقلیمه، یئددی سویا حؤکمو کئچن بیر پادشاهین اوغلو بو قیزا ائلچی گؤندردی.	m3	book3
8165	بیبیسی اونون بیر گؤزونو چیخاردیب اونا بیر قورتوم سو وئردی.	m3	book3
8179	کولچو باخدی کی، گؤزل بیر قیزدی، آمّا گؤزلری کوردو.	m3	book3
8193	بیر نئچه گوندن سونرا قیز بیر ده گولوب، آغزیندان تؤکولن گوللری یئنه وئردی کیشییه.	m3	book3
8207	کولچویا دا اوتاق وئریب قیز اؤز یانینا کؤچورتدو.	m3	book3
8221	بیر گون پادشاه کولفیرنگیده اوتوروب اؤز بدباختلیغینی فیکیرلشیردی.	m3	book3
8235	قاری دینمز-سؤیله‌مز گلدی زاهی‌نین یانینا.	m3	book3
8249	اؤزون اولاسان نؤورسته‌‌ جاوان، ارین اولا قوجا کافتار، ائوده ده شاهزاده مطلب کیمی بیر جاوان.	m3	book3
8263	نه قدر ائله‌دی، گؤردو یوخ، پادشاهین بصیرتی باغلانیب.	m3	book3
8277	باخدی کی، قاباقدا بیر بؤیوک شهر وار.	m3	book3
8291	هرچی فیکیرلشدی، گؤردو آیری علاج یوخدو.	m3	book3
8305	– بو پول دا سنیندی، من ده سنینم.	m3	book3
8319	– بالا، دوز اوتوز دوققوز گون یئییب، ایچیب کئیف ائله‌دین.	m3	book3
8333	او قدر کی، دوه‌لرین یوکو دوزلدی.	m3	book3
8347	ائله اولدو کی، لاپ باشینداکی توکلری نیزه کیمی دیک دوردو.	m3	book3
8361	اورگینده بیر آز آتاسینا لعنت اوخودو، بیر آز اوردان قورتارماغینا سئوینیب دوعا ائله‌دی، باشی‌نین آلتینا بیر داش قویوب یاتدی.	m3	book3
8375	– بالا، دور، ایندی منیم اوغلانلاریمین گله‌سی واختیدی.	m3	book3
8389	بیر گون اولار کی، سنین حئیفینی اوندان چیخاریق.	m3	book3
8403	ائله بیل کی، اونون اورگینه بیر قورد گیرمیشدی، اونا ها دئییردی:	m3	book3
8417	ائله اونو گؤردو کی، قاپی آچیلجاق بیر شئی پیرر ائله‌دی.	m3	book3
8431	آی آخماق، بورا اوچ قارداشلار باغچاسیدی، بورا هئچ قوش قوشلوغوینان قاناد سالا بیلمیر، بوردا بنی-آدم نه قاییریر ؟	m3	book3
8445	شاهزاده مطلب احوالاتی آچیب اونا دئدی کی:	m3	book3
8459	قاری گؤردو یوخ، اولمایاجاق، چار-ناچار باشلادی:	m3	book3
8473	شاهزاده مطلب اؤزونو گوجنن ساخلادی، گیزلتدی، گیرله‌دی، قیزلار سویا جوماندا، – دئییب خیردا قیزین دونونو قاپیب باسدی کؤینیی‌نین آلتینا، توپوردو دابانینا.	m3	book3
8487	قاری بیر دقتله اونا باخیب دئدی:	m3	book3
8501	گئجه یازان یامان اولار، قیز باشلادی گئجه یازدی، گوندوز دوزدو، آخیری کی، شاهزاده مطلبین بِینینی دولدوردو.	m3	book3
8515	آمّا اوراسینی دا دئییم کی، شاهزاده مطلب قورخوردو کی، آی نامرد، بیردن گئجه یاتاندان سونرا قیز منیم پالتاریمی قوردالاییب دونو تاپار.	m3	book3
8529	بونو دئییب قاری گئدیب دسمالا باغلی دونو گتیردی، وئردی قیزا.	m3	book3
8543	تویوق-جوجه‌نی گتیریب دولدوروب بورا کی.	m3	book3
8557	ال چکمه‌دی کی، ال چکمه‌دی.	m3	book3
8571	گلدیلر ائوه، قاری نه قدر شاهزاده مطلبه‌‌ اؤیود-نصیحت ائله‌دی کی، ال چکسین او قیزدان، بیر شئی چیخمادی.	m3	book3
8585	هر ایل اونلار گلیب بو یاخیندا بیر دوزنگاه وار، اورادا داوا ائدرلر.	m3	book3
8599	شاهزاده مطلب دیزین قویدو یئره، بیر اوخ قویدو کامانا، ها توشلادی، ها توشلادی، گؤردو یوخ، وورا بیلمه‌یه‌جک.	m3	book3
8613	– بیز هئچ کسی اؤز پادشاهیمیزین یانینا آپارمیریق.	m3	book3
8627	مطلب تئز ادب ایله تعطیم ائله‌ییب اونون الیندن اؤپدو.	m3	book3
8641	خیردا دوردو آغلایا-آغلایا دوشدو یولا.	m3	book3
8655	پادشاه خاپا-خاپ آدام گؤندریب شاهزاده مطلبی توتدوردو.	m3	book3
8669	حامامچی‌نین طاسی یوخ، بالتاچی‌نین بالتاسی یوخ، اوردا بیر تازی گؤردوم، اونون دا خالتاسی یوخ.	m3	book3
8683	ایندی الیمده بیر قپیک مایام یوخدو.	m3	book3
8697	سن بو قولو بئش یوز تومنه دئییرسن ؟	m3	book3
8711	– ایلیاس، بو آت نییه سویا گیرن کیمی یاتدی ؟	m3	book3
8725	ایلیاس آلماسی آلدی الینه، بیر او طرفینه باخدی، بیر بو طرفینه باخدی، دئدی:	m3	book3
8739	بلی، بیر گون پادشاه امر ائله‌دی کی، آخشام ساعت سککیزدن سونرا بیر آدام ائشیکده قالماسین، بیر آدامین پنجره‌سی آچیق اولماسین.	m3	book3
8753	تئز گیزلندی اورادا اولان آغاجلارین دالیندا.	m3	book3
8767	– گئت، خانیما دئ کی، پادشاهین قولو ایلیاس گلیب.	m3	book3
8781	بو حالدا قوللوقچو گلدی، مجمه‌یینی آپاردی.	m3	book3
8795	اودو کی، بیلدی کی، ایلیاس یالان دئییر، یئنه دئدی:	m3	book3
8809	– پادشاه ساغ اولسون، گئجه من فیلان گؤزل قیزین یانیندا ایدیم.	m3	book3
8823	– آنا، دوزونو دئ، من کیمین اوغلویام ؟	m3	book3
8837	من اوشاق اولاندا بیزیم شهره هوجوم ائله‌ییب باسیرلار، منی اسیر ائله‌ییرلر، سونرا دا گتیریب قول یئرینه ساتیرلار.	m3	book3
8851	– بو یوخونو یوران بیر آدام وار.	m3	book3
8865	ساندیغی آلیب چیخدی باییرا، سوراقلاشیب قوجا مونجّیمین ائوینی تاپدی.	m3	book3
8879	– ای پیرانی مونجّیم‌باشی، یوخودا گؤردوم کی، اوتورموشام چمنده.	m3	book3
8893	بو ایشی ائله گؤره‌سن کی، جاماعت سندن گؤرمه‌یه.	m3	book3
8907	من آنادان اولان گونو فیرنگ پادشاهی آتاما خبر گؤندریر کی، قیزینی وئرسین منه قیزلیغا.	m3	book3
8921	گؤردو کی، وزیرین آروادیینان بیر نازَنین صنم حاماما گئدیر.	m3	book3
8935	قوقوز پادشاه متباخ قاپیسیندا ناردان خانیمی گؤرن کیمی تئز القابینی یئره قویوب قاییتدی دالا.	m3	book3
8949	وزیر دوروب گلدی ائوینه، گؤردو کی، ناردان خانیم ائوده تکدی.	m3	book3
8963	– بس نئجه ائله‌ییم کی، وزیری اؤلدوروم ؟	m3	book3
8977	باش‌ساغلیغی وئریب بیر ده ناردان خانیما محبتنن باخیب، چیخیب گئتدی.	m3	book3
8991	صاباحدان باشلایین بیر مرتبه‌لی ائو تیکین!	m3	book3
9005	ایندی سنه خبر وئریم ناردان خانیمدان.	m3	book3
9019	هاچاندان-هاچانا الینی آتیب دؤشه‌یین آلتیندان بیر چوبوق گؤتوروب اوشاقلاری ووردو.	m3	book3
9033	قوجا یورغانلا دیزینی اؤرتوب یئنه دئدی:	m3	book3
9047	من سنین اوچون بیر-ایکی گونه توی ائلرم.	m3	book3
9061	قوقوز پادشاه ایشی بئله گؤروب منی آچدی بوراخدی، من ده گلیب شهرین قیراغیندا اؤزومه بو ائوی تیکدیم.	m3	book3
9075	– ای پادشاه، ائشیتمیشم سنین شهرینده قیز اوشاقلارینی اوغورلاییرلار.	m3	book3
9089	سحر مئیدان سالینیب دار آغاجی قورولدو.	m3	book3
9103	جاماعت آختارمامیش یئر قویمادی، آمّا اونو تاپا بیلمه‌دیلر.	m3	book3
9117	– ای اوغلان، آدین ندی، نکاره‌سن ؟	m3	book3
9131	دوروب گلدی چایا طرف نه گؤرد.	m3	book3
9145	بو طرفدن ده ناردان گئیینیب یئنه پهلوان پالتاری، مورتوضدان آیریلیب چیخدی باغدان.	m3	book3
9159	یالان‌باشدان زرنیگارین باشینی آلدادیب تئز دوروب گئدردی مورتوضون یانینا.	m3	book3
9173	ناردان خانیم قالخیب پادشاها بیر سیلّه چکدی.	m3	book3
9187	پادشاها خبر گئتدی کی، تزه پهلوان پئیدا اولوبدو، دورما اؤزونو یئتیر، زیندانبانلاری ووروب اؤلدوردو.	m3	book3
9201	آخیردا پادشاه غضبله‌نیب قوشون گؤندردی.	m3	book3
9215	– من گئدیرم، بئش گونه گلّم.	m3	book3
9229	دوروب ائندی بولاغا، دویونجا سو ایچیب الین-اوزون ده یودو.	m3	book3
9243	احمد اوشاغی گؤرن کیمی باغری چاتلاییب اؤلدو.	m3	book3
9257	بندرپوش اهلی بیر تپه اوستونده دوروب باخیردی، یقین ائله‌میشدیلر کی، حسنی آییلار بو دقیقه یئیه‌جک.	m3	book3
9271	گؤردو بوردا بیر باغ وار گل گؤر‌سن.	m3	book3
9285	پادشاهین هر یئردن الی بوشا چیخاندا، شهرده بیر عابید وار ایدی، همین عابیدی چاغیرتدیریب دئدی:	m3	book3
9299	– وزیر، گرک گئدیب بندرپوش ماحالیندان احمد اوغلو کل حسنی تاپیب گتیره‌سن.	m3	book3
9313	آمّا بیر عیبی وار ایدی کی، آلت چنه‌سی قوش اورگینه اوخشاییردی.	m3	book3
9327	پادشاه تعجب ائله‌دی، ایسته‌دی آجیقلانیب کل حسنی قووا.	m3	book3
9341	یاپیشیب وزیرین ساققالیندان آتیب گؤیه، توتوب اووجونون ایچینده، طوللادی پادشاهین اوستونه کی:	m3	book3
9355	بیر چنگه قیزیل چیخاردیب باسدی قاری‌نین اووجونا.	m3	book3
9369	کل حسن گیریب باغا آتدان دوشدو.	m3	book3
9383	کل حسن گئجه‌نی پری خانیمین یانیندا قالدی.	m3	book3
9397	کاشکاش پهلوان ها ایسته‌دی کل حسنی وورسون یئره، گوجو چاتمادی.	m3	book3
9411	کل حسن گلیب چاتدی بیر شهره، گؤردو کی، یولون کناریندا بیر جاوان ایلشیب گؤز یاشی آخیدیر.	m3	book3
9425	کل حسن گؤردو کی، قوشون گلیر، سس ائله‌ییب عرب آتینا، قویمادی قوشون شهردن کنارا چیخا.	m3	book3
9439	– باجیلی-باجی، نییه بو گون ائوه گئجیکیبسن ؟	m3	book3
9453	پرزاد قیز بئله دئینده کل حسن اؤزونو آتدی اورتالیغا.	m3	book3
9467	ها ائله‌دی، یئنه ده اونا رأی وئرمه‌ییب دئدیم:	m3	book3
9481	در‌لردن سئل کیمی، تپه‌لردن یئل کیمی، بادی-صرصر کیمی، آیاق اوزنگیده، دیز قابیرغادا، آتا بیر-ایکی ماهمیز ووروب نئچه منزیل یول گلیب، چاتدی بیر قالاچایا.	m3	book3
9495	سوپورلشندن سونرا کل حسن ال آتیب قیلینجا، بلغ پهلواننان قیلینج داواسینا باشلادی.	m3	book3
9509	قیزین رعیّته یوخ، پادشاها لاییقدی.	m3	book3
9523	اوتوزا کیمی عسگر گلیب کل حسنی گؤتوروب آتدیلار در‌لرین بیرینه چیخیب گلدیلر.	m3	book3
9537	یئددی گون، یئددی گئجه توی ائله‌ییب شرف خانیملا، پری خانیمی آلدی.	m3	book3
9551	سلیم او ساعت امر ائله‌دی کی، هر نه وار ساتسینلار.	m3	book3
9565	– باجی‌اوغلو، ائله من سنین کیمی بیر آدام آختاریردیم.	m3	book3
9579	بلی، زنگ چالیندی، جاماعت باشلادی ایشله‌مه‌یه.	m3	book3
9593	قوجا بیر بؤیوک قاپی‌نین یانیندا دوردو، یئردن بیر داش گؤتوروب قاپینی اوچ دفعه‌‌ چالدی.	m3	book3
9607	باخدی گؤردو کی، بورادا بیر اونو نؤکر توتان قوجادی، بیر قاپینی آچاندی، بیر ده بیر آیری قوجادی.	m3	book3
9621	بلی، بیرینجی تورو آتدیم هئچ بیر شئی چیخمادی، ایکینجی تورو آتدیم، چکنده باخدیم دئیه‌سن چوخ آغیردی، گؤزلریمین چاییری آچیلدی.	m3	book3
9635	سلام وئردیم، سلام آلدیم، منی کئچیرتدیلر یوخاری باشا.	m3	book3
9649	بیر اورکدن مین اورَگیه وورولدوم بو زنَنه‌.	m3	book3
9663	– سنین نه عاغلین وارمیش، نه ده وفان.	m3	book3
9677	قوجالار باخدیلار بیر-بیری‌نین اوزونه، بیر آه چکدیلر.	m3	book3
9691	بیر گون قیز منه دئدی کی:	m3	book3
9705	گئجه‌نین بیر واختی ایدی، بیر ده بورا بیر درویش گلدی.	m3	book3
9719	گؤردوم آرواد دورمایاجاق، اؤزوم دوردوم آیاغا، گئدیب صاندیغی آچیب، گده‌نین قولاغیندان یاپیشیب گتیردیم بو ائوه.	m3	book3
9733	آتام هله من قوجاقدا ایکن اؤلموشدو.	m3	book3
9747	بیر ده گؤزوم ساتاشدی، گؤردوم بورادا یاخشی یئمه‌لی آرمودلار وار.	m3	book3
9761	صاباحیسی بیر لومبا باتداخ آلیب الیمه، دیرماشدیم همین آغاجین او کوغوشوندا گیزلندیم.	m3	book3
9775	گؤردوم یوخ، ائله آدام کیمی ادب-ارکانلا دئییرلر دوش یئره کی، دوش یئره.	m3	book3
9789	سحر آچیلاندان سونرا من باخدیم کی، اوزاقدان بیر شهر گؤرونور.	m3	book3
9803	بونو اؤیر‌نیب گلدیم، تئز هامان حئیواندان منه قالان لعلی گتیریب بازاردا ساتدیم، یئکه بیر دوکان آچدیم.	m3	book3
9817	سن دئمه بونلار منی اؤلدو بیلیب، آپاریب آتیبلار.	m3	book3
9831	سلیم اونو مافییه قویدو، یودو، کفنله‌دی، همین دئدیگی گول آغاجی‌نین دیبینده باسدیردی.	m3	book3
9845	قوش اونو آپاردی، آپاردی، بیردن جایناغیندان بوراخدی.	m3	book3
9859	اودو کی، بیز ده هر یئره قاراوول قویدوق کی، الله پادشاهی گؤندرنده گلیب خبر وئرسینلر.	m3	book3
9873	ائله-بئله دورموشدو باخیردی، بیر ده قصّاب اونو چاغیردی یانینا.	m3	book3
9887	– دده‌‌، باخ بو بیچاق، بو دا منیم باشیم.	m3	book3
9901	ائندی، ائندی، گتیریب بونو یاواشجا قویدو یئره، اؤزو قالخدی.	m3	book3
9915	سلیم گؤردو کی، یوخ باشنا، ایش آچیلیب، تازیانه‌نین قورخوسوندان دوشدو آشاغی.	m3	book3
9929	بیر ده آییلدی کی، سس-کویدو.	m3	book3
9943	قوللار سحر‌جن بوتون اهالینی آتدیلار قوله­ی قافه.	m3	book3
9957	دئدیلر سونرا شاهین اورگی داریخاندا سن گئدرسن یانینا.	m3	book3
9971	باخدی کی، باش، قاش، ساققال هامیسی ائله آغاریب کی، او بوراداکی قوجالاردان دا قوجادی.	m3	book3
9985	وئرمه‌سن، سنینله طیلسیم داواسی ائله‌یه‌جه‌یم.	m3	book3
9999	هیند ویلایتینده رضوان آدیندا کاسیب بیر کیشی اولوردو.	m3	book3
10013	– نئیچون اوتورموسان ائلچی داشی‌نین اوستونده ؟	m3	book3
10027	چوخ چکمه‌دی، رضوان بوردا بیر باغ سالدی، گل گؤره‌سن.	m3	book3
10041	رضوان بو سسی ائشیدن کیمی قورخویا دوشوب قاچدی.	m3	book3
10055	نیسه باشینا گلنی اری رضوانا دانیشدی.	m3	book3
10069	بوردا رضوان بیر آز دایانیب فیکره گئتدی.	m3	book3
10083	رضوانی فیکیر گؤتوروب خوف آپاردی کی، بو نئجه اولان ایشدی.	m3	book3
10097	– نیسه، گئت بیر نیمچه گتیر، بو جئیرانین اتیندن چکک.	m3	book3
10111	تئز اؤزون یئتیردی چؤککلییه، گؤردو کی، همین یئرده کی، روم پادشاهی‌نین اوغلو احمدی طیلسیمه سالمیشدی، قویو قازیلیب، صاندیق دا یوخدو.	m3	book3
10125	نیسه قورخوب تئز دوروب گلدی درویشین یانینا، گؤردو کی، درویش یاتیب.	m3	book3
10139	آرادان بیر مدت کئچندن سونرا درویش نیسه‌یه دئدی:	m3	book3
10153	قوشون اهلی پادشاهین بویوردوغونو یئرینه یئتیرمکده اولسونلار، سنه خبر وئریم نیسه‌دن.	m3	book3
10167	دوروب مانقال قویوب جئیرانین آدینی یازدی بیر نالا، بیر نال دا گؤتوروب زرغووانین آدینی یازیب آتدی مانقالا.	m3	book3
10181	اوغلان، منیم قیزیمی نئچه گونه ساغالدارسان ؟	m3	book3
10195	زرغووا خانیم گؤزلرینی آچیب گؤردو کی، یوخودا گؤردویو اوغلاندی.	m3	book3
10209	– یوخ، قیز منه هئچ بیر سؤز دئمه‌دی.	m3	book3
10223	بونلار گون باتانا کیمی گؤزله‌ییب گؤردولر کی، زرغووا یوخدور، کور-پئشیمان قاییتدیلار پادشاهین یانینا، خبر وئردیلر کی، زرغووا یوخدو.	m3	book3
10237	آییلیب گؤردو کی، زرغووا خانیم یانیندا یوخدو.	m3	book3
10251	یولو ایتیریب بیلمه‌دی کی، هایانا گئده.	m3	book3
10265	جئیران تعجب ائله‌دی کی، بو منیم آدیمی هاردان بیلیر ؟	m3	book3
10279	دوز گئت، نباده یوللاردا ایلنه‌سن.	m3	book3
10293	جئیران فورصتی فوتا وئرمه‌ییب، ال آتدی عابید وئرن قیلینجا.	m3	book3
10307	جئیران آچیب گؤزلرینی باخیب گؤردو کی، گلن روم پادشاهی‌نین اوغلو احمددی.	m3	book3
10321	بیر نره چکیب ال آتدی طیلسیم قیلینجینا، ضربنن ائندیردی دَ‌ییرمان داشینا.	m3	book3
10335	جئیران ال آتیب قیلینجا، هوجوم ائله‌دی احمده.	m3	book3
10349	گئجه‌نین بیر وعده‌‌سینده دالاندار پهلوانلاری ایله گیریب جئیرانین اوتاغینا، آلیب زرغووانی، گؤتوروب گلدیلر، سالدیلار روم پادشاهی‌نین اوتاغینا.	m3	book3
10363	کئچل بئله دئینده جئیران الینی سالیب جیبینه، بیر چنگه قیزیل چیخاردیب باسدی کئچه‌لین اووجونا.	m3	book3
10377	پادشاه چوخ شاد اولوب، مجلیس قوروب اوچ گون، اوچ گئجه شادلیق ائله‌دی.	m3	book3
10391	پادشاه نره‌نین ضربیندن بیر بوی اؤزونو آتدی.	m3	book3
10405	داها ائله اولموشدولار کی، دؤولتلری یئر باتیریردی.	m3	book3
10419	احمد ده بیر اوووج سو گؤتورنده بولاغین گؤزوندن بیر دنه قیپقیرمیزی آلما چیخدی.	m3	book3
10433	بلی، معلّیملر توتولدو، اوشاقلار وئریلدی تربیه‌‌ اولونماغا.	m3	book3
10447	اؤزو ده درراکه‌لی بیر جاوان ایدی.	m3	book3
10461	آختاریب تاپدی، گیردی ایچری، آناسی‌نین وئردیگی نامه‌نی وئردی عمیسینه، اؤزو ده کمال-ادب ایله دایاندی حضوروندا.	m3	book3
10475	– بالا، منیم قیزیمین بیر گؤزو کور، بیر قیچی توپال، اؤزو ده کی، کئچل، چوپور بیر قیزدی.	m3	book3
10489	من سنه دئدیم کی، منه آیری قیز لازیم دئییل.	m3	book3
10503	هامی یاتدی، آمّا ابراهیمین گؤزلرینه یوخو گئتمه‌دی.	m3	book3
10517	سونرا بیر قویو قازیب باشینی دا، بدنینی ده سوروتدویوب سالدی اورا.	m3	book3
10531	منیم قارداشیمین عوضینده گرک سنین اتینی آشیقجان ائله‌یم، قانینی قاشیقجان.	m3	book3
10545	تلمتله‌سیک سودان باشینی قالدیریب گؤردو کی، بیر قوش توققانی جایناغینا ووروب قالخدی گؤیه.	m3	book3
10559	ائله بو فیکری ائله‌یه-ائله‌یه گلیب چاتدی بولاغین کنارینا.	m3	book3
10573	نؤکرلر باخدیلار کی، ابراهیم دئیه‌سن گؤزلرینی باغلاییب، سوروشدولار:	m3	book3
10587	اوزونه بیر سیخیم داری تؤکسن یئره دوشمز، اؤزو ده کی، کئچل.	m3	book3
10601	گونورتا واختی دوکانی باغلاییب چیخدی، بیر بازاری اؤتری گزدی، بیر عطار دوکانیندان بیر آز سورمه آلیب قاییتدی دوکانا، قاپی‌نین تایینی چکدی، آرانی خلوت ائله‌ییب سورمه‌نی ازدی، چکدی گؤزلرینه.	m3	book3
10615	سلام وئردی، سلام آلدی، گیردی داخمایا.	m3	book3
10629	– بالا، او عفریته‌نین دونیا بویدا بیر تییانی وار.	m3	book3
10643	بو گئتمکده اولسون، سنه کیمدن دئییم، قیزدان، یعنی بیزیم یالانچی ابراهیمدن.	m3	book3
10657	پادشاه بؤیوک بیر قوناقلیق دوزلدیب ابراهیمی قوناق چاغیردی.	m3	book3
10671	بلی، صاباح گئجه اولدو، یئنه ده اوزونو دیوارا طرف چئویریب یاتدی.	m3	book3
10685	ائله بیل بیر دنه حوریدی، قیلماندی، بو ساعت گؤیدن یئره ائنیب.	m3	book3
10699	بیر واخت گؤردو کی، قان-ترین ایچیند‌دی.	m3	book3
10713	باخدی کی، هر طرفدن اژداهالار، ایلانلار، دیولر یویورورلر بونون اوستونه.	m3	book3
10727	ایندی ده جورأت ائله‌ییب گلیب منیم دونیا بویدا تییانیمی سؤندورموسن.	m3	book3
10741	– باخ، هامان دیو بو داغین او طرفینده بیر ماغارا وار، اورادا اولور.	m3	book3
10755	آخیردا آه چکن اوغلان ابراهیمی دوکانین بیر طرفینه چکیب باشلادی دردینی دانیشماغا.	m3	book3
10769	منیم دوکانیمین قونشولوغوندا بیر ده جاوان، گؤزل اوغلان وار ایدی، تاجیر ایدی.	m3	book3
10783	عمیم قیزی بیر منه باخدی، گولدو، چیخیب یئنه ده نازو-غمزه ایله گئتدی حرامیلرین اولدوغو ماغارایا.	m3	book3
10797	آمّا من چوخ پریشان حال اولموشدوم.	m3	book3
10811	گلین گلن گئجه قارداشلیغیم یوخ اولدو.	m3	book3
10825	آخیردا من شوبهه‌لنمه‌یه باشلادیم.	m3	book3
10839	باخدی کی، سول طرف بیر یول گئدیر.	m3	book3
10853	آخیردا سککیزینجی گونون ایکیندی چاغی ایدی کی، ابراهیم بیر یا مدد – دئییب دیوی باشی‌نین اوستوندن قالدیریب ووردو یئره.	m3	book3
10867	اصیل ابراهیم گلدی، یالانچی ابراهیم هر شئیی اونا تحویل وئردی، پادشاه قیزی ایله اولان عهدی ده اونا دئدی.	m3	book3
10881	قارا وزیرین کیشیلیکدن دوشن بیر قولو وار ایدی.	m3	book3
10895	موجرونو باغلاییب، خالچانی دا دیواردان آسیب قاپیلاری باغلاییب گلدی اؤز ائوینه.	m3	book3
10909	– خانیم، من هارا، قاش-گؤز آتدی هارا ؟	m3	book3
10923	– ای حرامزادا، من بو شکلی فیلان اوتاقداکی موجرونون ایچیندن تاپمیشام.	m3	book3
10937	صنوبر ائله گؤزل بیر قیز ایدی کی، دونیادا او گؤزللیکده قیز مصر اؤلکه‌سینده ده یوخ ایدی.	m3	book3
10951	صنوبر خانیم دوروب آیاغا، قاپینی باغلادی، قویمادی منی اوتاقدان چیخام.	m3	book3
10965	آخیردا ببیر پهلوان فیرنگین قوشونونو قیریب قورتاردی.	m3	book3
10979	هر ایکیمیزین ال-قولونو باغلاییب قارا وزیرین حوضورونا گتیردیلر.	m3	book3
10993	بیر گون اورک اودومو سؤندورمک اوچون صنوبرین شکلینی چکدیریب یانیمدا ساخلادیم.	m3	book3
11012	یئردن قالخدی، آغزی-بورنو قاننی گلدی پادشاهین یانینا.	m3	book4
11026	مئشه‌ده گئجله‌یه‌سی اولدولار.	m3	book4
11040	چوخ کئچدی، آز کئچدی، قیز اؤزونه گلدی.	m3	book4
11054	– بوردا نه وار کی، جماعت بئله ییغیلیب ؟	m3	book4
11068	نئچه آداملار اونون دواسینا گئتدی، اؤلدو.	m3	book4
11082	بونو کیم بیلیر هانسی آدلی پهلوان اؤلدوروب، بو اؤز آدینا چیخیر.	m3	book4
11096	قاپیچی حیله‌‌‌ ایله اونو دوتوب ائوینه گتیردی.	m3	book4
11110	نرگیز قیلینجی چکیب اؤزونو ووردو لاخانین قارنینا.	m3	book4
11124	گولون آراسینا ساچیندان بیر تئل کسیب قویدو.	m3	book4
11138	– قارداش، ایندی دوشمنلری اؤلدوردون، دوستلارین، آتامیزین گؤزو یولدادیر.	m3	book4
11152	مرد و نامرد بیر آغاجین دیبینده اوتوردولار.	m3	book4
11166	بوردا اؤزونه بیر یومشاق یئر تاپیب اوتوردو.	m3	book4
11180	– منیم بازاریم یاخشیدی، هئچ بیر کساتدیغیم یوخدو.	m3	book4
11194	– ای مرد، یاتمیسان آییل، آییقسان ائشیت.	m3	book4
11208	گؤردو کی، بیر چوبان قاباغیندا بیر سورو قویون، یانیندا بیر تولا، دره باشی یوخاری چیخیر.	m3	book4
11222	پادیشاها خبر گئدیب چاتدی کی، بس شهره تزه بیر حکیم گلیب.	m3	book4
11236	مرد پنجر‌دن باخیردی، کئفی یامان کؤکدو.	m3	book4
11250	اونونچون کئفیم کؤک دئییل، بازاریم دا کاساددی.	m3	book4
11264	بو اوشاخ گلدی بیر یاشیننان ایکی یاشینا، ایکیدن اوچه.	m3	book4
11278	آناسی نه قدر اؤیود وئریردی، بو باخمیردی.	m3	book4
11292	الله­ین کومکلییینن نئچه دئو اولسا، اؤلدور‌جیم.	m3	book4
11306	– ایسکندر گلنده دئ کی، بالا کؤنلومه بیر یئمیش دوشوپ، او دئیه‌جک کی، نه بیلیم یئمیش هاردا اولار ؟	m3	book4
11320	آتی مینیب یئمیش-قارپیزی دا گؤتوردو؛ گلمه‌یین بینا‌سین قویدو.	m3	book4
11334	آمّا باغین ایچینده چوخ عیمارتلر وار.	m3	book4
11348	گتیر بو زنجیری یئددی قاتدان سالیم قولونا، گؤرک قیرا بیلیرسنمی ؟	m3	book4
11362	– آغ دئو، بونو گؤتور آپار آت بیر قویویا-زادا.	m3	book4
11376	بوردا آغ دئوه عاشق اولوب، اؤز اوغلونون گؤزون چیخارتیب، آتدی قویویا.	m3	book4
11390	– چپل، من سنه نه یاماننیق ائله‌دیم ؟	m3	book4
11404	ایندی من بونا تدبیر ائد‌رم.	m3	book4
11418	– ای قیز، سنین قیسمتین من و منیم ده قیسمتیم سنسن.	m3	book4
11432	آخیردا قیزین علاجی کسیلیب سؤیله‌ییر کی، منیم اریم بیر گؤزل اوغلاندیر، گوندوزلر ایلان اولور، گئجه‌لر انسان.	m3	book4
11446	بو حالدا باخیب گؤرور کی، بیر نئچه قیز سو دولدورماغا گئدیرلر.	m3	book4
11460	قیز مئشه‌یه چاتاندا سسله‌نیر:	m3	book4
11474	بیر وقت بو پادیشاه خسته‌له‌نیر.	m3	book4
11488	اونو دا بو قاعده ایله اؤلدورور و آتینی گؤتوروب مهتره تاپشیریر.	m3	book4
11502	بو طرفدن اورایا توپلانمیش جاوانلار و شهزاد‌لر نه قدر چالیشیرلارسا، بیری ده خندیی کئچه بیلمه‌ییر.	m3	book4
11516	آتامین دوشمنلرینی اؤلدوروب لیباسلارینی، آتلارینی گتیردیم.	m3	book4
11530	شوشه قیریلدیقدا ایچیندن بیر گؤیرچین اوچور، تئز گؤیرچینی توتوب اؤلدورور.	m3	book4
11544	– باجین اؤلسون، قارداش، آتین اوچ آیاقلیمی گلمیشسن ؟	m3	book4
11558	اوغلان باخیب گؤرور کی، باجیسی گلیر.	m3	book4
11572	یوخ بیلمه‌سن، سنی اؤلدور‌رم.	m3	book4
11586	آنا چوخ دئدی، اوغلانلاری آز ائشیتدی.	m3	book4
11600	ناردان­خاتون بؤیویوب گؤزل قیز اولموشدو.	m3	book4
11614	اونلار باجی-باجی دئییب چؤللره دوشوبلر، من ده اونلارین دالینجان گئد‌جم.	m3	book4
11628	بورادا دوران قارداش بونو گؤرنده دابان باساراق چادیرا گیردی.	m3	book4
11642	منی بو ساچیمدان آسان دئو منه عاشیق اولموشدور.	m3	book4
11656	دئو بارماغینی دیشی‌نین آراسینا قویوب او قدر سوموردو کی، ناردان­خاتونون بوتون قانینی سوموردو.	m3	book4
11670	هانسی لوطو-پوتوینان آرانی سازلاییب، بئله اولوب.	m3	book4
11684	– آی قانجیق اوغلو، قارغی آتی سو ایچرمی ؟	m3	book4
11698	گئدیب بونلار بیر مئشه‌یه چاتدیلار.	m3	book4
11712	چایین لپه دؤیه‌نینده بیر صاندیق گؤردو.	m3	book4
11726	من کی، بیر سؤز دیمه‌ییرم، آنجاق بو عمارتین بیر گولو اسکیکدیر.	m3	book4
11740	بو دمدسگاهین بیر دونیا گؤزللیسی اسکیکدیر.	m3	book4
11754	او گولونو آپاریب، سن ده گئت.	m3	book4
11768	– ای اوغلان، نَیه خلقه اذيّت وئریرسن ؟	m3	book4
11782	صاباحین آناسین پئیینلیکدن چیخارتدیریب، قاباقجادان معالیجه‌‌‌ ائدیب ساخلامیشدی.	m3	book4
11796	بونا گؤره وزیری چاغیریب فیکرینی اونا سؤیله‌ییر.	m3	book4
11810	گؤردولر کی، بورادا بیر آت اوتلاییر.	m3	book4
11824	باخیب گؤردولر کی، قالانین قاپیسی باغلیدیر.	m3	book4
11838	کئشیکچیلری اؤلدورمه‌میش قوشو اؤلدورمک مومکون دئییلدیر.	m3	book4
11852	باخیب گؤرور کی، قیزلارین اون نفری بیر یاتمیش و بیر نفری کی، هامیسیندان گؤزلدیر آیری یاتمیش.	m3	book4
11866	– بو ائوه داخیل اولارسان، اورادا بیر چرخ گؤرئجکسن، گرک اونون اوستونن ائله توللاناسان کی، هئچ بیر یئرین اونا توخونماسین.	m3	book4
11880	– بو اوزوک هر کیمین بارماغیندا اولسا، من اونا اطاعت ائتمه‌یه حاضیرام.	m3	book4
11894	برخوردار آدلی بیر بالیقچی وار ایدی.	m3	book4
11908	او گئجه صاباحا کیمی آت سوردولر، گئدیب بیر بولاق باشینا چاتدیلار.	m3	book4
11922	– شاه ساغ اولسون، نه‌دن غم یئییرسن، گوج سنده، مال-پول سنده، نه جوره ایسته‌سن، او جوره قیزی اله گتیره بیلرسن.	m3	book4
11936	او گئجه سن قیزیل پیجاق الینده گلدین، من ده گئجه سنی یوخومدا گؤرموشدوم.	m3	book4
11950	یوخاری باخدی بیر لعل داشی گؤردو، آسیلیب قیزین باشی‌نین اوستوندن.	m3	book4
11964	– منی آپارماق اوچون بو دئوی اؤلدورمک لازیمدیر.	m3	book4
11978	برخوردار گلدی احوالاتی قیزلارا سؤیله‌دی.	m3	book4
11992	برخوردار جماعت ایله یاخشی رفتار ائلییب دؤوران سورمگه، گون کئچیرمگه باشلادی.	m3	book4
12006	آمّا کیچیک قیز ائیله حاضیرلیق گؤرمه‌دی.	m3	book4
12020	ائله تنبلدی کی، یولدان اؤتنلر آغزینا چؤرک وئرسیدی یئیه‌جکدی، یئره دوشسیدی گؤتورمزدی.	m3	book4
12034	گئدیر پادشاهین قیزینا مصلحت ائله‌ییر.	m3	book4
12048	بو گئجه یوخوسونا حرام قاتیب یاتمادی.	m3	book4
12062	آتی سوردو بو ایشیق گلن یئره.	m3	book4
12076	جوتچو باخدی، گؤردو بیر قیز گلیر چیم قیزیل-گوموشون ایچینده.	m3	book4
12090	چوبان گتیریب تئز بیر قویون کسدی.	m3	book4
12104	گؤردولر بو بیر پادشاهدی کی هئچ بئله پادشاه اولمویوب.	m3	book4
12118	قیز بیر گون دئدی کی، بوردا بیر ناققاشکار اولارمی کی، منیم حرمیمین شکلین چکسین ؟	m3	book4
12132	– آ کیشی، اونا نییه باخیب آه چکدین ؟	m3	book4
12146	بیر گون گؤردوم بو شهرده بیر عمارت وار، هئچ یئردن یولو یوخدو.	m3	book4
12160	گلدیم بوردا شکلین گؤردوم، اونونجون آه چکیب آغلادیم.	m3	book4
12174	ایندی شکلین بوردا گؤروب، آه چکیب آغلادیم.	m3	book4
12188	بو شهرده ده بیر لوطو واردی.	m3	book4
12202	بیر آز آرتیخ آلیب چؤرگی سوغانی، گؤتوردو گلدی ائوه.	m3	book4
12216	آرواد باخدی گؤردو یاغینان بالی قاتیبلار بیر یئره.	m3	book4
12230	سنه کیمنن خبر وئریم، بیر صمد سؤودگر واردی، قیرخ سؤودگرین بؤیوگو ایدی.	m3	book4
12244	صمد سؤودگر بیر کاغیذ یازدی آروادینا یوللادی کی، یولوا پینداز دؤشرسن کی، قارداشیم سؤودگر محمّدی تاپمیشام، گتیریرم.	m3	book4
12258	بونلار گئجه گئتدیلر پادشاهین اوینه، چؤرگی یئدیلر، ایچدیلر، قیرخ فقیر گیردی ایچری.	m3	book4
12272	– خانیم، الله­دان گیزلین دئییل، بند‌دن نه گیزلین.	m3	book4
12286	اؤکوز بیر آز برک گئدنده، آیاغین قویدو برک کؤتویون اوسته.	m3	book4
12300	نئچه یئردن دئمیشدی، اوردان سالدی یولا.	m3	book4
12314	بو وزیر چوخ اوخوموشدو، چوخ بیلیکلییدی.	m3	book4
12328	همیشه منیم یانیما گلنده قاباقجا او اوزویو وئریردی، قویوردوم رفه.	m3	book4
12342	صمد سؤودگر ده ائشیتدی کی، بلی، محمّد ایندی پادشاهدی، قاییتدی گلدی محمّدین گؤروشونه.	m3	book4
12356	کیشی‌نین علاجی کسیلدی، دوردو گئتدی بیر رمدارلیق پالتاری آلدی، گتیردی.	m3	book4
12370	– والله، ائله من باجایا چیخان کیمی، دئدی کی، قیرخلارین بیری گلدی ها، آرواد.	m3	book4
12384	– یاخشی، بو گئجه هامیمیز گئدریک، گؤرک بیلیر، یوخسا بیلمیر.	m3	book4
12398	پادشاهین قیزی‌نین بیر قیمتدی اوزویو واردی، قاشی دئدیکجن قیمتدی قاشیدی.	m3	book4
12412	– بیر باخ، گؤرک، بو قاطیرلار هارادادی ؟	m3	book4
12426	بیر آز سئیر ائله‌دیلر، قاییتدیلار ائوه.	m3	book4
12440	گلدی قویونون باشینا باشین ساللاییب قویویا دئدی:	m3	book4
12454	قیز دا قورخوسوننان زارزاری سارالیب، هئیوا کیمیدی.	m3	book4
12468	گلدی چاتیب یمن ویلایتینه، بو سؤودگر ده یمن شهرینده اولوردو.	m3	book4
12482	غرض گئجه پالتاری تیکیب حاضیر ائدیرلر و ائرته‌سی گون شاگیردین الینه وئریب پادشاهین حوضورونا گؤندریر.	m3	book4
12496	گئجه‌نین بیر واختی گؤرور کی، قاپی آچیلدی.	m3	book4
12510	قیز بونلاری دئییب اوغلانی مورخّص ائدیر.	m3	book4
12524	گنه ده اوغلان عنادینا دوام ائدیر.	m3	book4
12538	پادشاه علاجسیز قیزین کبینینی کسدیریب اوغلانا وئریر.	m3	book4
12552	بیر ایلدن سورا بونون هر آرواددان بیر اوغلو اولور.	m3	book4
12566	اونا گؤره ده جاماعتی، ویلایتی نئجه دولاندیرماق لازیمدی، هله باجارمارام.	m3	book4
12580	آخیردا اؤزلرینی ساخلایا بیلمه‌ییب مسئله­نی آچدیلار.	m3	book4
12594	پادشاه بونلارین اوچونو ده قوناق چاغیردی.	m3	book4
12608	بیر ایسته‌دی کی، اوچونون ده بوینونو ووردورا.	m3	book4
12622	پادشاه باخدی کی، بؤیوک اوغلانین دئدیگی دوغرو چیخدی.	m3	book4
12636	سنین آتان بو ویلایتین پادشاهی آسلان شاه.	m3	book4
12650	– سنین اصیل آتان، آنان دا، منیم اصیل قیزیم دا او بؤیوک طاعوندا اؤلدولر.	m3	book4
12664	پادشاه اوزونو توتدو کیچیک اوغلانا کی:	m3	book4
12678	– یوخ، دده‌‌م منه دئییب کی، قاباغینا چیخان قیسمتی تپیکله‌مه!	m3	book4
12692	– بس یاخشی، آخی من آنلامیرام، بونو بورا نییه ووروبلار ؟	m3	book4
12706	آنجاق من اونون سوراکی بدبختلیغینا باعث اولماق ایستمیرم.	m3	book4
12720	قیز گوجله اونو قوجاقلاماق ایسته‌ییردی.	m3	book4
12734	هفته کئچدی، گون کئچدی، اوغلان یاخشی اولدو.	m3	book4
12748	– چونکی منیم آتام منه وصيّت ائله‌ییب کی، .	m3	book4
12762	پادشاه اونو لاپ یاخشی، اورگی ایسته‌ین کیمی قبول ائله‌ییب دردینی سوروشدو، اوغلان اؤز فیکرینی دئدی:	m3	book4
12776	اوغلان آلتدان گئیینیب اوستدن قیفیللاندی، ایکی شاققا ات گؤتوروب گیردی ائوه.	m3	book4
12790	سن ایذین وئرسن، من بو اوغلانا اوچ سوال وئر‌رم، جوابلارینی قایتارا بیلسه، گئد‌رم بونا.	m3	book4
12804	اودو کی، بیر دنه زبرجد آلیب گؤندردیم کی، چوخ دا قولتوقلارین شیشمه‌سین.	m3	book4
12818	بو پادشاهین بیر باغی وار ایدی کی، روزیگارین گؤزو بئله بیر باغ گؤرمه‌میشدی.	m3	book4
12832	– وزیر، قوناقلارین سؤزو منی فیکره سالدی.	m3	book4
12846	بیر ائوین قاباغیندا آتدان دوشوب گؤردو کی، بیر قوجا کیشی دایانیب قاپیدا، دئدی:	m3	book4
12860	اگر ائله دئمه‌سن، آت سنی ده، آغاجی دا یئریندن اوینادیب هلاک ائدر.	m3	book4
12874	بیر قدر آتی سورندن سورا گلیب بیر چمنزارا چاتدی.	m3	book4
12888	دالدان نه قدر قیشقیرتی، باغیرتی گلدیسه اوغلان دؤنوب باخمادی، بیرباشا آتی سوردو.	m3	book4
12902	هر ایکی قارداش میندی، سوروب بیرباش چاتدیلار اوچ یولون آیریجینا.	m3	book4
12916	او دا هر گلنن گوله­شیب ییخیب، هر ییخیلانا دا بئله‌جه عومرونون آخیریناجان بوردا پالچیق آیاقلاتدیریر.	m3	book4
12930	قیز اوغلان پالچیق آیاقلایانلارین هامیسینی آزاد ائله‌دی.	m3	book4
12944	آخیردا گؤردولر کی، توتا بیلمه‌یه‌جکلر، اونو چار-ناچار بوراخیب آتلارین ایچیندن بیر یاخشی آت سئچدیلر.	m3	book4
12958	نه قدر ائله‌دیلرسه، آت باش وئرمه‌ییب ائله قویونون اطرافیندا دولانیردی.	m3	book4
12972	– شاه ساغ اولسون، سنین اوغلون محبتین گوجوندن ناخوشلاییب، توی اولمایینجا او ساغالمایاجاق.	m3	book4
12986	آتلیلار دوشدولر اوغلانین دالینا، اوغلان گؤردو بودو بوتون پهلوانلار گلیر.	m3	book4
13000	بلی، یئنه تداروک گؤرولدو، قازانلار آسیلدی، دویولر سالیندی سویا.	m3	book4
13014	آرمود بو بیری واردی، بیری یوخدو، بیر تولکو واردی.	m3	book4
13028	تولکو آییننان-اویوننان تاپیر گتیریردی بونون ایشیق گلن یئرلرینی توتوردو.	m3	book4
13042	گئتدی یئنه اوتوردو همن ائلچی داشی‌نین اوسته.	m3	book4
13056	– آخی هئچ بیز اونو گؤرمه‌میشیک نتهر آدامدی.	m3	book4
13070	هئیله قارنینی برکیت، چیراخ یاناندا آز یئ، تئز چکیل.	m3	book4
13084	– بیر بو قدر ده دؤولت اولارمی ؟	m3	book4
13098	– هئچ گؤرن بو یاخشیلیخلاریمی بیلیر، بیلمیر ؟	m3	book4
13112	بولار دا بو ائوده یئدیلر، ایچدیلر لذّت آپاردیلار.	m3	book4
13126	جیک-جیک خانیم دا او یانا اوچدو، بو یانا اوچدو، شیغانیب قاری‌نین بیر چؤرگین گؤتوروب قاچدی.	m3	book4
13140	جیک-جیک خانیم بیر اویانا اوچدو، بیر بو یانا اوچدو، چوبانین بیر یاخشی کؤک قویونونو جایناغینا ووروب گؤتوردو قاچدی.	m3	book4
13154	گل من گلینیمی وئریم، سن ده سازینی وئر منه.	m3	book4
13168	– دانا قارداش، برک توت جاناواری گلدیم.	m3	book4
13182	بو دا دوردو اورا-بورا ديَه-ديَه چیخیب چؤله قاچدی.	m3	book4
13196	قیزیل ایلان صفر کیشینی گؤروب آییلدی، دئدی:	m3	book4
13210	بیر گون صفر کیشی قیرخ گونلوک سفره گئده‌سی اولدو.	m3	book4
13224	قیزیل ایلان گلدی، سودو ایچدی، لعل سالمادی، گئتدی گیردی یوواسینا.	m3	book4
13238	قاری اوشاقلاری چاغیریب هر بیرینه بیر پارچا یاغ یاخماسی وئریب، جیرتدانی اونلارا تاپشیردی.	m3	book4
13252	– ایت هورن سمته گئتسک ایت بیزی یئیر.	m3	book4
13266	– بو دئو بیزی یئمک ایسته‌ییر، قالخین قاچاق.	m3	book4
13280	آرواد گئدیب ایکی گیرونگه کیشمیش آلیر، داروازانین ائشیگیندن ائوین قاپیسینا کیمین تؤکور.	m3	book4
13294	دئو داشی آلیب الینه اوخالاییب یئره تؤکدو.	m3	book4
13308	دئو گؤرور کی، یانی آلیشدی، باغیریر:	m3	book4
13322	سیز گئدین اؤزونوز اوچون سو گتیرین.	m3	book4
13336	باخیب گؤرورلر کی، هاخنزر یئنیجه اویانمیش، پالتارینی گئیینیر.	m3	book4
13350	بیر گون صالح والهی چاغیریب دئدی:	m3	book4
13364	بو او اورگینن کئچدی کی، بو کی بئله دوز آل‌وئر‌ ائله‌ییر، گرک بونا مایا وئرم، اؤزو آل‌وئر‌ ائلییه.	m3	book4
13378	حووض بیر باخچادئیدی بو تله‌سیک-تله‌سیک گئتدی کی، نمازین واختی کئچمه‌سین.	m3	book4
13392	بیر کاغیذ دا یازدی قویدو ایچینه.	m3	book4
13406	بو بوردا قالسین، سیزه کیمنن خبر وئریم، شهرده قیرخ کئچل واردی.	m3	book4
13420	نئچه آدام دا شاهات گؤرسد‌رم.	m3	book4
13434	بیر آزدان سورا باشین قالخیزدی دئدی:	m3	book4
13448	بونو دا سالدیلار او بیریلری‌نین یانینا.	m3	book4
13462	سؤودگرین نه قدر مالی واردی ییغدی وئردی بو آروادا، دئدی:	m3	book4
13476	گونلرین بیر گونوده سانا کیمنن خبر وئریم، یمن ویلایتینن.	m3	book4
13490	– منیم ائویم اصفهاندا مشهوردو، گئدنده گئنن گؤروکور.	m3	book4
13504	بو دا گلدی گؤردو، داروازانین آغزیندا بیر قاری اوتوروب، دئدی:	m3	book4
13518	اوستا عبدالله عیماراتی تیکدی، قورتاراننان سورا دوزلدی یولا.	m3	book4
13532	بیر ساعتدان سورا آروادین اری بازاردان ائوینه قاییدیر.	m3	book4
13546	– آی کیشی، آی کیشی، جهنّمدن بیر آدام گلمیشدی، قارداشیمی خبر آلدیم، دئدی:	m3	book4
13560	قویونون باشینا یئتیشجک، دوشوب کیشیدن خبر آلیر:	m3	book4
13574	تئز گئدیب بیر آغاج گتیردیم کی، قوردو اؤلدورم.	m3	book4
13588	بیر گون اریم ائوه بیر تای خینا گتیرمیشدی.	m3	book4
13602	آخشام کیشی ائوه گلیب داروازانی گسنده گئدیب آچمادیم کی، کندیر اؤزو آچار، کیشی نه قدر دؤیدوسه کندیر قاپینی آچمادی.	m3	book4
13616	بیر گون گؤردوم قونشوموزدا توی اولور.	m3	book4
13630	اونون سنه بیر احتیاجدیغی یوخدو، یئمیی یانیندا، ایچمیی یانیندا.	m3	book4
13644	– وزیر، اوتور، بو ساعت الیمه قاب آلیم، گلیم.	m3	book4
13658	بو مکّه‌نی زیارت ائله‌دی قاییتدی.	m3	book4
13672	گئجه‌نی سالدی آرایا قاچدی، گلدی هاوا ایشیخلاناندا چیخدی بیر یئره.	m3	book4
13686	بو چوبان دا سورونو اونودور، درویش-لیباس اولوب باشلادی شهربشهر بو قیزی آختارماغا.	m3	book4
13700	بوندا بیر سس واردی کی، بونو ائشیدن سسینه والئه اولوردو.	m3	book4
13714	– اوندا، سن ده قال منیم یانیمدا.	m3	book4
13728	– گوننرین بیر گونونده، پادشاه ساغ اولسون، بیر پادشاه واردی.	m3	book4
13742	قیز گؤردو، هر شئی وار ائولرینده، یاغ، موتال، سود، قاتیخ.	m3	book4
13756	بو قیز بئش گون، اون گون بوردا دولاندی.	m3	book4
13770	گؤیدن اوچ آلما دوشدو، بیری منیم، بیری اؤزومون، بیری ده ناغیل دئیه‌نین.	m3	book4
13784	کئچل قولاق آسمادی، قاتیغنان قیزیل اؤکوزلرینی آلا-بولا ائله‌دی.	m3	book4
13798	– آی دایی، دارغاگیلین ایتلری وار، منیم ده بالدیریمی دیشله‌دی، چاغیرا بیلمه‌دیم.	m3	book4
13812	– آی آشینا، دونن یولو یانیلدین، گلیب چیخمادین.	m3	book4
13826	– آشنا، سن هئچ وعد‌‌نه دوغرو چیخماییرسان.	m3	book4
13840	صاباحا سوددو آش،کؤمبه بشیر، من ده قارپیز آلیم گله‌جم، ائوده یئییب کئف چکریک.	m3	book4
13854	آروادا تنبئه ائله‌دیلر، عومور سورمیه، گون کئچیرمیه باشلادیلار.	m3	book4
13868	اوتوردو بیر داش واردی، اونون اوستونده.	m3	book4
13882	– عمی، دوز بیر آی بیزه قوناخسان.	m3	book4
13896	بیر قیزیل خونچادا بیر قیزیل بوشقابدا خؤرک گتیریر، قویور قاباغینا.	m3	book4
13910	شاه عباس نظر سالدی، گؤردو، باهو، بیر اوتاخدی کی، هئچ بیر یئرده یوخدو.	m3	book4
13924	او ساعت ابولقاسیم گئنه اوخودو، بو آلمالارین ایکیسین ده ائله‌دی آلما.	m3	book4
13938	بوردا دا بیر کئچل اوغلان واردی.	m3	book4
13952	وزیر ده اؤزون دیددی تؤهدو کی، آی آمان، آی داد، قویمایین ابولقاسیمی.	m3	book4
13966	ابولقاسیم دا بیر یئر گؤرمه‌میشدی.	m3	book4
13980	– بالا، ائله بیز آخشامنان آج یاتمیشیخ.	m3	book4
13994	باخدی گؤردو، بو بیر پادشاهیانا آدامدی.	m3	book4
14008	گل آغیرلاریمیزی ساتاخ، یونگوللریمیزی گؤتورک، گئدک آتامین ویلایتینه.	m3	book4
14022	گلدی یاغ آلدی، قویدو بونون دالینا، دئدی:	m3	book4
14036	سوروش کی، ابولقاسیمین اؤلومو نتهر اولدو ؟	m3	book4
14050	پادشاه گؤردو شاه عباسین قوشونو گلیر.	m3	book4
14064	گونورتایاجان یول گلدیلر، گلدیلر، چیخدیلار بیر شهره.	m3	book4
14078	مئیدان ائله‌دی، نه قدر پول آلمیشدی فاغیرا-فوغارییا پایلادی.	m3	book4
14092	بیر قدر ده قیزیلدان، گوموشدن وئردی، خداحافیظلشیب یولا دوشدو.	m3	book4
14106	– بالا، اوندا گتیر، بو دریای نورو باغلیییم قولونا.	m3	book4
14120	– گئدرسن فیلان آشبازدان منه بیر قاب خؤرک آلیب گتیررسن.	m3	book4
14134	– نئچه گونه بوردان فیلان آشبازین دوکانینا بیر لاغیم آتا بیلرسن ؟	m3	book4
14148	شاه عباس دا گلدی همن آشبازخانییا.	m3	book4
14162	صاباح شاه عباس قیرمیزی گئیدی، چیخدی تاخدا.	m3	book4
14176	گوننرین بیر گونو بو آرواد دئدی:	m3	book4
14190	بیردن عاغلینا گلدی کی، وئریم قونشویا.	m3	book4
14204	آرواد قاییتدی ائوه فطیردن-چؤرکدن قاییردی، باغلادی بیر سیرفییا.	m3	book4
14218	– آغا، والله آپاریرام، دیلین اوتا وورمورلار.	m3	book4
14232	گونون بیر گونو، پادشاه بیر مولّا گتیرتدی.	m3	book4
14246	قیزی‌نین نیشانیسین گؤتوردو، گلدی ائولرینه.	m3	book4
14260	– ایکی اوووج آرپا اونوموز قالمیشدی، اوماج بیشیریرم.	m3	book4
14274	کئچل گؤردو کی، تاجیرین آداملاری گلیر، اؤزون ووردو ناخوشلوغا.	m3	book4
14288	– کئچل، بو گون اوغلومون باشینی نییه ووروب یاریبسان ؟	m3	book4
14302	کئچل گئجه‌نی یاتیب سحر تئزدن دوروب گلدی تاجیرین دوکانینا.	m3	book4
14316	تاجیرین اورگی کئچه‌لین الیندن یانیقلی ایدی.	m3	book4
14330	نؤکرلر باخیب گؤردولر کی، ایشین اوستو آچیلسا، ایش یاوالاشاجاق، تاجیرین ال-آیاغینی باغلاییب آتدیلار چایا.	m3	book4
14341	بیر سیرا قایناقلار دا اوره چیخدی.	m3	book5
14355	آغاسی­اوغلو بو یانلیش تئوریه قارشی تورکولوژیده “اورمو تئوروسو”نو گوندَمه گتیردی.	m3	book5
14369	بونا گؤره، بو کتاب عرب الیفباسینا کؤچورولدو.	m3	book5
14383	بو یؤنده آپاریلان آراشدیرما‌لاردا دوغرو و یانلیش یوروم‌لار، آلینان نتیجه‌لر بیر داها گؤزدن کئچیریلنده آلینان سونوجلار اورمو تئوریاسی‌نین پروتوتورک‌لرین آتایوردو کیمی تثبیت ائتدیگی اؤن­آسیا‌دان اولان مهاجرت‌لرله داشبابا گله­نه­یی‌نین آوراسیا چؤل‌لرینه یاییلما چاغلارینی و یؤنلرینی آیدینلاتماغا یاردیم ائدن بیلگیلری ده آرتیردی.	m3	book5
14397	داش‌دان یونولموش فیقورلار اویغون اولا‌راق بورادا داش­قوچ، داشات، داشمارال، بالبال، داشبابا، سینداش، داش­ننه ، بنگوداش کیمی آدلارلا آدلانیر.	m3	book5
14411	کیزلاسوو دوغرو اولا‌راق یازیر کی، مونقول‌لارین باسیریقلاریندا داش هیکل قویولماسی حقینده بلگه یوخدور.	m3	book5
14425	لیپسکرووانین روس دیلینه چئویری‌سی داها اوغورلو آلینمیشدیر:	m3	book5
14439	کارپینی ده وورغولاییر کی، هر دفعه بیر حیوان کسنده بو هیکل‌لرین پایینی گتیریب اونون قارشی‌سینا قویورلار.	m3	book5
14453	مشهور ایستون­هئنج مقالیت قورغوسونون آدینداکی ایکینجی حصه‌نین هنگه آنلامی بللی دئییل.	m3	book5
14467	کورقان فرهنگی­نین یاییلدیغی آلانلاردا داش­بابا و داش­ننه گله­نه­یی‌نین اورتایا چیخماسی دوغال­دیر، چونکی بونلارین تورک باسیریق فرهنگی ایله باغلی‌لیغی آرتیق علمی دایره‌لرده قوشقو دوغورمور.	m3	book5
14481	III مین­ایل‌لییه عاید اولدوغونو یازمیشدیر2 :	m3	book5
14495	حتی، کورقان فرهنگینی اؤن آسیا‌دان ائتروسک‌لار ایتالیایا دا آپارمیشلار.	m3	book5
14509	بو گله­نک ایندی ده دوام ائدیر.	m3	book5
14523	آلتی مین­ایل اؤنجه‌یه عاید اولدوغونو دئسه‌لر ده، تونلارلا آغیرلیغی اولان بو دیکیلیداشلارلا قورولان مجتمع‌لرین تعییناتی حقینده اورتاق و دقیق یوروم وئره بیلمیرلر.	m3	book5
14537	III مین­ایلده سوبار بویلاری‌نین یاشادیغینی یازیرلار.	m3	book5
14551	بیر بئله منگیر دیکیلیداشلارلا قورولان مجتمع‌لر گله­نه­یی‌نین تعیناتی حقینده مختلف یوروم‌لار واردیر؛ بونو گونش کولتو ایله و دینی تؤرن یئری ایله باغلایانلار اولدوغو کیمی، توپلو حالدا دوزولمه‌سی‌نین داها چوخ آسترولوژی یوکلو آوایی داشیدیغینی سؤیله‌ینلر‌ ده واردیر.	m3	book5
14565	یادا داشی تورک بویلاری ایچینده یاغیش یاغدیرماق اوچون اؤزل بیر داش اولماسی اینامی واردی و بونا یاداداشی، اونونلا یاغیش یاغدیرانا ایسه یاداچی دئییلیردی.	m3	book5
14579	بیر تورک‌لرین بو سحئیرلی داشیندان قدیم چین و اورتا چاغ اسلام قایناقلاریندا دا بحث اولونور.	m3	book5
14593	اۆچ مین­ایل تاریخی همین گله­نه­یین قدیم‌لیگینی آیدین گؤسته­ریر.	m3	book5
14607	قایناق‌لار گونئی آذربایجاندا هله 3 :	m3	book5
14621	حتی بعضی کورقان­آلتی قازمانین ساحه‌سی 5 :	m3	book5
14635	بو جیزگی و دؤیمه شکل‌لر مارالداشین دؤرت طرفینده یئرله­شیر.	m3	book5
14649	بئله کی، اوخشار دیکیلی­داش گله­نه­یی عصرلرله دئییل، مین­ایل‌لرله دوام ائتمیشدیر .	m3	book5
14663	داشباغا گله­نه­یی‌نین دوغودا اورتایا چیخماسی، چین، کوره و باشقا دوغو اؤلکه‌لرده یایغین اولماسی یئرلی خالق‌لارلا باغلی‌دیر.	m3	book5
14677	ایکی مین­ایل یاشی اولان و بعضیلری‌نین آغیرلیغی 6 :	m3	book5
14691	آیدین گؤرونور کی، آذربایجان تورک‌لری هانسی دینی اینانجا کئچمه‌سیندن آسیلی اولمایا‌راق، اؤز قدیم تانریچی‌لیق اینانجینداکی باسیریق فرهنگینین اساس اؤزللیگینی باشقا دین‌لر ایچینده یاشاتمیشلار.	m3	book5
14705	یوخاریدا دئییلدیگی کیمی، تورک‌لر اسلامی قبول ائدندن سونرا باسیریغین آلتیندا مسلمان­سایاغی عادته اویغون، باسیریق اوزه­رینده ایسه اؤز کئچمیش گله­نک‌لرینه اویغون داورانمیشلار، بو دا بؤلگه‌لر اوزره یئرلی اؤزللیک‌لرین اورتایا چیخماسینا سبب اولموشدور.	m3	book5
14719	"بارکین، بدیزین، بیتیگتاش بیچین ییلکا ییتینچ آی ییتی اوتوزکا کوپ آلکادی""2 :"	m3	book5
14733	مصرده اولدوغو کیمی، سومئر اؤلکه‌سینده ده حکمدارلار تانریلارلا یاناشی اؤز بدیزلرینی یاپدیریردیلار، اورمو گؤلو حوزه‌سینده­کی­ تورک‌لرین قوت ائلینه باغلی سومئر جانیشینی قودئانین م.	m3	book5
14747	بئله کی، داشننه زامان کئچدیکجه قوتساللاشیر و سوی­آناسی سیموولونا چئوریلیر.	m3	book5
14761	یاغیش - قار آلتیندا قالماسین دئیه، اونو آباکان موزه­یینه گتیرسه‌لر ده، یئرلی تورک‌لرین دئدیگینه گؤره، بورادا ایستی‌لیگینی ایتیردیگینی گؤروب، 2 :	m3	book5
14775	اونگین عابده‌سی یانینا دوزولن داشلاردان بیرینجیسی‌نین اوزه­رینه ، کولتیگین یازیسیندا ، سؤزلری یازیلمیشدیر.	m3	book5
14789	بیر داشبابا داشبابا گله­نه­یی‌نین قایناغی انسان­اوغلو هله ماغارادا یاشادیغی چاغلاردا قایااوستو شکل‌لر چکیر، جیزگی و بویا رسم‌لریله ایلگیله­نیردی، آنجاق برکت تانری‌سی بدیزی‌نین گیل‌دن یاپیلماسی سونرا‌لار اکینچی‌لیک فرهنگینین یارانماسی ایله اورتایا چیخمیشدیر.	m3	book5
14803	اصلینده، بو بدیزین قدیم‌لیگی 1 :	m3	book5
14817	بئله بیر خالق وار و بو خالقین داشبابا گله­نه­یی تورک یوردلاریندان‌ چوخ اوزاقدا، دُنیانین او بیری اوزونده اولان پاسخی آداسیندا یارانمیشدیر.	m3	book5
14831	بو آماجلا یاپیلان ایلک تورک داشبابا‌لاری‌نین هارادا اورتایا چیخماسی سوروسوناسا وقتیله ایره‌لی سوردوگوموز اورمو تئوریاسی ایشیغیندا جواب آختارماق گرکیر، چونکی تورک دیلینی ایله باغلاییب، آلتایلا مونقولوستانی تورک‌لرین آتایوردو سایانلار تورک ائتنوسونون ائتنوگئنئزینه عاید سورولارا علمی جواب تاپا بیلمه­دیک‌لری کیمی، تورک داشبابا‌لاری‌نین گئنئزی‌سینه ده گئرچک یوروم وئره بیلمیرلر.	m3	book5
14845	ویتوو یازیر کی، بو دیرلی تاریخی بلگه‌لری اؤیرنمه‌دن قدیم تورک فرهنگی و تاریخینده مرکب اولایلاری دوغرو آنلاماق ممکن دئییل.	m3	book5
14859	گؤروندوگو کیمی، تورک‌لرین ایلکین آتایوردو مانجوریا‌دان اورال داغ‌لارینا قدر مختلف بؤلگه‌لرده گؤسته­ر­یلمیشدیر.	m3	book5
14873	پروتوتورک‌لرین آتایوردوندان دیشارییا کؤچ‌لر اولدوغو کیمی، دیشاری‌دان دا بورایا و قونشو بؤلگه‌لره باشقادیللی ائتنوس‌لار کؤچموشلر.	m3	book5
14887	تووا-خاکاس بؤلگه‌سی آوروپوید براخیکفال تیپین فورمالاشدیغی اراضی‌دیر.	m3	book5
14901	اکینچی‌لیک، قویونچولوق، آتچیلیک، دمیرچی‌لیک، خالچاچی‌لیق صنعتی‌نین، تکر و آرابانین اؤن­آسیادا یارانیب بورا‌دان اطراف بؤلگه‌لره یاییلماسی بللی‌دیر.	m3	book5
14915	بیر تاریخی کؤچلرین بیر قسمی اقلیم، لاندشافت دَییشمه‌لری، قوراقلیق، یئیه‌جک قیتلیغی، ائپیدمیا، ساواش، دئپورتاسیا سببیله، بیر قسمی ده اها‌لی‌نین آرتیمی و یئنی باریناجاق بؤلگه‌لرین آرانماسی ایله گئرچکله­شیر.	m3	book5
14929	رنگ بیلدیرن تورک سؤزلری ایسه ایلکین آتایوردون چئوره‌سینده دنیزلرین هانسی طرفده بولوندوغونو گؤسته­ریر:	m3	book5
14943	بئله بیرلیک ژنتیک قوهوملوق یوخ، سونراکی کوتاقتلا یارانمیشدیر، بورادا سؤز قونوسو دئییل، اولما‌لی‌دیر.	m3	book5
14957	ایل یاشی اولان اوچ تاپیناق، 2 :	m3	book5
14971	اۆچ آذربایجانین مختلف بؤلگه‌لریندن توتموش، تورکوستان و کیریمه قدر یوزلرله پولاد، پولادلی کندلری واردیر.	m3	book5
14985	بیر بو مونخن‌لی اوزمان آستارا تاریخ موزه­سینده ساخلانان داشبابانین تاریخینی م.	m3	book5
14999	اونلاری مامیر باسدیغیندان و کیفیت‌سیز فوتولاری سیفت، ال-قول، یاراق یاساق جیزگیلری‌نین آیدین سئچیلمه‌سینه امکان وئرمیر:	m3	book5
15013	بیر آزاق دنیزی‌نین یاخالاریندان‌ م.	m3	book5
15027	اۆچ بؤیوک دیواری سؤکدوم… گؤرونور، آسورلارین بورا‌دان آپاردیغی بو کومان داشباباسی ایمیش، چونکی اؤزلرینده بونا اوخشار بدیزلری تانری بوتو ساییردیلار.	m3	book5
15041	III مین­ایلین اورتالاریندان‌ سونرا اورادا کرنوسووکا داشباباسی اورتایا چیخمیشدیر.	m3	book5
15055	عینی دوروم قیرغیز ائلی توکماک بؤلگه‌سی‌نین بورانا کندینده اؤزونو گؤسته­ریر.	m3	book5
15069	آلتی عصر دوام ائدن و یئرلی دیلده موای آدلانان داشبابا گله­نه­یی یارانمیشدیر.	m3	book5
15083	دن چوخ داشبابا واردیر، بیر کورقان اطرافیندا ایسه 3 :	m3	book5
15097	بیر یازارا گؤره، بو داشبابا بدیزلری بؤلگه ساکنلرینین قدیم تورک چاغی ائتنیک ترکیبینی عکس ائتدیرن اؤنملی آرخئولوژی بلگه‌لردن ساییلیر.	m3	book5
15111	هر بیر داشبابا آیریلیقدا صنعت اثری‌دیر، بو بدیزلر آیری-آیری فردین اوز جیزگیلرینی تانیتسا دا، هامیسیندا اورتاق بیر دوغما چالار - تورک تیپی‌نین کالوریتی واردیر.	m3	book5
15125	بو اولایین ایسه تکجه بیر یورومو اولا بیلر کی، بو دا همین گله­نه­یین اؤن آسیا‌دان آوروپایا آپاریلماسی‌دیر، کؤچون یؤنو و تاریخیله باغلی دیگر آرخئولوژی بلگه‌لر ده بو یورومو تصدیق ائدیر، بئله کی، همین چاغلاردا مایکوپ آرخئولوژی فرهنگینده گؤرونن کورقان گله­نه­یی ده کور-آراز فرهنگینی آذربایجاندان قوزئی قافقازا داشییان بویلارین قوزئی کؤچو ایله باغلی ایدی.	m3	book5
15139	IV مین­ایلین سونلاری III مین­ایلین باشلاریندا کؤچن تورک بویونون آدی یازیلی قایناق اولماماسی ندنیله بللی دئییل، آنجاق م.	m3	book5
15153	رومونیادا بولونان داشبابا ایله بیرلیکده بو بدیزلر اللرین دورومو باخیمیندان گونئی آذربایجانداکی داها قدیم مشکین داشبابا گؤرکمینی تکرارلاییرلار:	m3	book5
15167	قوم نگاری گله­نک‌لرینده داشبابا گؤرنه­یینی یاشا‌دان تورک بویلاری ایچینده کومان-قیپچاق‌لار داشبابا ایله یاناشی داشننه کولتونه ده اؤنم وئرمیشلر.	m3	book5
15181	ایچگی قابی و ایچگی داشبابانین ساغ الینده توتدوغو قدحی، کاسانی و یا بارداغی کؤکسو اوزه­رینده و یا ایکی الیله گؤبه­یینده توتماسی کانونیک گؤرکم گله­نه­ییله باغلی‌دیر؛ آنجاق بو گؤرنه­یین آنلامی اوزمانلار اوچون او قدر ده آیدین دئییل، بو ندنله ایچگی ایله باغلی فرقلی یوروملا‌ر اورتایا چیخمیشدیر؛ اونا آدی چاخیردان توتموش دیری‌لیک-یاشام ایچگی‌سینه قدر مختلف آنلام یوکلمیشلر.	m3	book5
15195	ایکی­ال­له توتولان ایچگی قابی تکجه کیشی بدیزلرینده دئییل، قادین بدیزلرینده ده اؤزونو گؤسته­ریر و بو تیپ، دئمک اولار کی، کومان-قیپچاق داشبابا، داش­ننه گله­نه­یینده اکونوقرافیک اینواریانت ایستاتوسو ایله گؤرونمکده‌دیر.	m3	book5
15209	اۆچ مین­ایل اؤنجه ایتا‌لی یایا کئچمه‌سی بللی‌دیر.	m3	book5
15223	بیر قیلینجی قوتسال ساییلدیغی کیمی، اوغوزلار دا آند ایچنده دئییردیلر، قیلینجین آلتیندان کئچن سوچلونون دا حیاتی باغیشلانیردی.	m3	book5
15237	III مین­ایلدن گونوموزه‌جن 1 :	m3	book5
15251	بئش مین­ایل اؤنجه گونئی آذربایجاندا لولو بویلاری‌نین اوزون هؤروکلو ساچ گؤرونتوسو قوم­نگاری دئتال کیمی داشبابا بدیزلرینده ده دوام ائتمیشدیر.	m3	book5
15265	بیر تانینمیش آرخئولوقون آلتای یؤره‌لرینه عاید یورومو ایله راضیلاشماق اولار، چونکی تورک بویلاری‌نین باتی‌دان آلتای یؤنونده اولان کؤچلری تونج چاغی‌نین سونلاریندا اولموشدو، آنجاق تاشتیق داشبابا‌لارینی بو گله­نه­یین ائرکن فورماسی سایماق یانلیشدیر، چونکی ائرکن فورما تاشتیقدا یوخ، اوندان مین­ایللر اؤنجه آذربایجاندا، آنادولونون گونئی دوغوسوندا یارانمیشدی.	m3	book5
15279	خورئناتسی ده آتا‌لارین هیکلینی هایرئنی کوراک آدلاندیریر، لوکیان ساموساتلی ایسه آدلی یازیدا دوستلوغو حمایه ائدن یه‌لری توکسارین دیلیندن ساقاجا کوراک کیمی وئریر.	m3	book5
15293	دوستو ائنکیدو اؤلنده بیلقامیس بئله دئییر:	m3	book5
15307	اوزونده ملّی کالوریتی دویولان، حتی اوقاتی گؤرونن بئله بدیزلر یوکسک دَیرلی صنعت اثرلری‌دیر.	m3	book5
15321	بو یؤنده ایلک آددیم اولان بو بیتیک بورادا بیتسه ده، موضوع بیتمه‌دی، دوام ائتدیره‌نین الینه ساغ‌لیق!	m3	book5
